"(158491, '1880296', 17.35782)","(158491, '2261272', 17.199305)","(158491, '607552', 17.118353)","(158491, '1957435', 16.929768)","(158491, '625257', 16.877832)","(158491, '635537', 16.80612)","(158491, '1774491', 16.570059)","(158491, '663828', 16.55547)","(158491, '158491', 16.063732)","(158491, '1956922', 15.829921)","(158491, '1180246', 15.605074)","(158491, '1170039', 15.548958)","(158491, '589549', 15.529997)","(158491, '360918', 15.529997)","(158491, '945068', 15.450452)","(158491, '685181', 15.446558)","(158491, '2411344', 15.212746)","(158491, '1093529', 15.212746)","(158491, '1158969', 15.212746)","(158491, '742912', 15.137668)"
"(5728, '5728', 17.517227)","(5728, '283099', 12.799604)","(5728, '1890681', 12.799604)","(5728, '98452', 12.799604)","(5728, '592647', 9.611742)","(5728, '970793', 9.295022)","(5728, '501880', 9.295022)","(5728, '375146', 9.295022)","(5728, '911906', 9.295022)","(5728, '1597007', 9.295022)","(5728, '645822', 9.295022)","(5728, '255972', 9.295022)","(5728, '849904', 9.295022)","(5728, '79940', 9.295022)","(5728, '2184293', 9.295022)","(5728, '1750830', 9.295022)","(5728, '2149047', 9.295022)","(5728, '1893219', 9.295022)","(5728, '1404651', 9.295022)","(5728, '608495', 9.295022)"
"(13554, '13554', 20.214588)","(13554, '1354099', 19.540907)","(13554, '166298', 19.470991)","(13554, '1343180', 19.35587)","(13554, '506304', 18.851572)","(13554, '1355975', 18.643457)","(13554, '1333624', 18.503832)","(13554, '1355603', 18.445082)","(13554, '2108477', 18.419636)","(13554, '2206256', 18.419153)","(13554, '2164978', 18.394897)","(13554, '2164385', 18.193438)","(13554, '1354324', 18.11871)","(13554, '1070', 18.043276)","(13554, '1604564', 17.925966)","(13554, '1231923', 17.760656)","(13554, '1354754', 17.206886)","(13554, '1212060', 17.081408)","(13554, '1354456', 16.974325)","(13554, '107818', 16.945627)"
"(32674, '1317839', 27.759737)","(32674, '1378846', 27.593052)","(32674, '834604', 25.905182)","(32674, '784701', 23.403019)","(32674, '1505849', 22.52649)","(32674, '671380', 22.52649)","(32674, '968448', 22.207626)","(32674, '961758', 21.910757)","(32674, '958943', 19.52287)","(32674, '1415478', 17.512783)","(32674, '910449', 17.512783)","(32674, '1205770', 16.358646)","(32674, '1423812', 16.358646)","(32674, '1631', 16.358646)","(32674, '870643', 16.358646)","(32674, '1560729', 16.358646)","(32674, '375161', 16.358646)","(32674, '1134226', 16.358646)","(32674, '1572828', 16.358646)","(32674, '1151820', 16.358646)"
"(406391, '2186467', 22.439896)","(406391, '2328959', 20.956043)","(406391, '855680', 20.956043)","(406391, '1325717', 19.520832)","(406391, '40342', 17.541172)","(406391, '2264449', 17.35907)","(406391, '2002272', 16.787064)","(406391, '1789451', 16.787064)","(406391, '1248550', 16.787064)","(406391, '2382229', 16.787064)","(406391, '1712644', 16.787064)","(406391, '2244630', 16.787064)","(406391, '1931448', 16.787064)","(406391, '1828795', 16.787064)","(406391, '1512849', 16.787064)","(406391, '1085516', 15.019711)","(406391, '2178317', 15.019711)","(406391, '1314997', 14.127245)","(406391, '1808681', 14.031917)","(406391, '87050', 13.92095)"
"(5115, '5115', 25.938116)","(5115, '1384004', 25.774609)","(5115, '897966', 21.048279)","(5115, '481955', 18.706472)","(5115, '2270937', 15.285177)","(5115, '546166', 15.285177)","(5115, '419556', 9.146714)","(5115, '585361', 8.975963)","(5115, '1157462', 8.975963)","(5115, '549097', 8.811469)","(5115, '75643', 8.738676)","(5115, '807376', 8.738676)","(5115, '364605', 8.738676)","(5115, '242015', 8.67407)","(5115, '1196497', 8.652897)","(5115, '1337861', 8.652897)","(5115, '2216970', 8.652897)","(5115, '368170', 8.56086)","(5115, '367546', 8.550315)","(5115, '246563', 8.550315)"
"(15469, '1334817', 25.21299)","(15469, '2392139', 24.842283)","(15469, '15469', 24.842283)","(15469, '2149594', 24.671633)","(15469, '975904', 24.071684)","(15469, '2316444', 24.060894)","(15469, '939854', 23.955936)","(15469, '1533382', 23.948826)","(15469, '1234860', 23.837872)","(15469, '2102316', 23.737326)","(15469, '2069564', 23.737326)","(15469, '2413345', 23.737326)","(15469, '544571', 23.104006)","(15469, '1950839', 22.965528)","(15469, '1260341', 22.965528)","(15469, '771772', 22.502945)","(15469, '2365922', 22.47766)","(15469, '841064', 22.381706)","(15469, '2235862', 22.276466)","(15469, '2405799', 22.276466)"
"(62953, '62953', 20.81412)","(62953, '252433', 20.059114)","(62953, '62956', 18.071136)","(62953, '1366881', 15.929525)","(62953, '210440', 15.929525)","(62953, '1193752', 14.695968)","(62953, '62992', 13.962753)","(62953, '1256265', 13.639729)","(62953, '1354574', 13.639729)","(62953, '289330', 13.434816)","(62953, '524047', 12.534718)","(62953, '1013750', 11.925493)","(62953, '1144930', 11.925493)","(62953, '1576707', 11.925493)","(62953, '756070', 11.925493)","(62953, '1184060', 11.925493)","(62953, '956952', 11.925493)","(62953, '1335', 11.473871)","(62953, '2090336', 11.473871)","(62953, '373568', 11.473871)"
"(152444, '242736', 25.289124)","(152444, '152444', 25.289124)","(152444, '1120216', 24.727291)","(152444, '247573', 23.596125)","(152444, '128064', 22.070164)","(152444, '1150937', 20.36021)","(152444, '1225505', 20.36021)","(152444, '289563', 19.015131)","(152444, '279748', 17.135412)","(152444, '376703', 17.135412)","(152444, '569398', 17.135412)","(152444, '2124613', 17.135412)","(152444, '630058', 17.135412)","(152444, '590437', 17.135412)","(152444, '192182', 17.135412)","(152444, '2251234', 17.135412)","(152444, '1647163', 17.135412)","(152444, '1417315', 15.947528)","(152444, '1753570', 15.947528)","(152444, '1120072', 15.78643)"
"(104086, '104086', 16.286755)","(104086, '1531009', 14.394924)","(104086, '1464230', 14.394924)","(104086, '1282288', 13.360322)","(104086, '453448', 13.360322)","(104086, '410882', 13.360322)","(104086, '1800147', 13.360322)","(104086, '1548144', 13.360322)","(104086, '1196712', 12.534323)","(104086, '2283603', 11.681202)","(104086, '410883', 11.681202)","(104086, '1735721', 11.681202)","(104086, '1047983', 11.681202)","(104086, '1648450', 11.681202)","(104086, '410658', 11.681202)","(104086, '2137798', 11.681202)","(104086, '1882766', 11.681202)","(104086, '1547597', 11.681202)","(104086, '1327711', 11.681202)","(104086, '1439799', 11.681202)"
"(145194, '2341007', 18.206951)","(145194, '926875', 17.193043)","(145194, '145194', 17.193043)","(145194, '1089847', 16.3942)","(145194, '1916175', 16.3942)","(145194, '1400670', 16.3942)","(145194, '565665', 13.303576)","(145194, '1260423', 13.303576)","(145194, '2353524', 10.342608)","(145194, '2417601', 10.342608)","(145194, '1904588', 9.990194)","(145194, '406476', 9.661004)","(145194, '1091413', 9.661004)","(145194, '1326446', 9.661004)","(145194, '1939883', 9.661004)","(145194, '930936', 9.661004)","(145194, '485412', 9.661004)","(145194, '2000075', 9.661004)","(145194, '1497973', 9.661004)","(145194, '2431998', 9.661004)"
"(73752, '508040', 18.789604)","(73752, '943266', 17.61782)","(73752, '266565', 16.649097)","(73752, '550985', 16.649097)","(73752, '269878', 16.238407)","(73752, '1769992', 16.238407)","(73752, '814635', 16.109812)","(73752, '309020', 15.799164)","(73752, '762321', 14.565708)","(73752, '1531852', 14.41975)","(73752, '1335597', 14.41975)","(73752, '73752', 13.578)","(73752, '1800165', 13.379725)","(73752, '371021', 13.379725)","(73752, '307312', 13.379725)","(73752, '1055223', 13.379725)","(73752, '956809', 13.133154)","(73752, '1874805', 13.133154)","(73752, '2007275', 13.133154)","(73752, '2068551', 12.818189)"
"(1368508, '1368508', 15.398807)","(1368508, '458039', 12.857)","(1368508, '395325', 12.291173)","(1368508, '918895', 12.078545)","(1368508, '1056618', 12.078545)","(1368508, '1192490', 12.078545)","(1368508, '471631', 12.078545)","(1368508, '1965008', 12.078545)","(1368508, '71915', 12.078545)","(1368508, '165829', 12.078545)","(1368508, '863780', 12.078545)","(1368508, '1919569', 12.078545)","(1368508, '470968', 10.805674)","(1368508, '684519', 10.560518)","(1368508, '335720', 10.560518)","(1368508, '1930068', 10.560518)","(1368508, '370186', 10.560518)","(1368508, '369736', 10.560518)","(1368508, '358311', 10.560518)","(1368508, '2438570', 10.560518)"
"(11534, '1981252', 16.339472)","(11534, '1401323', 15.653717)","(11534, '1191113', 15.653717)","(11534, '1855299', 14.441517)","(11534, '11534', 14.441517)","(11534, '484328', 14.441517)","(11534, '1448790', 14.441517)","(11534, '1173607', 13.403566)","(11534, '1065282', 11.719012)","(11534, '1587853', 11.719012)","(11534, '250744', 11.719012)","(11534, '103436', 11.719012)","(11534, '1389683', 11.719012)","(11534, '2142031', 11.719012)","(11534, '1065201', 11.719012)","(11534, '2136745', 11.719012)","(11534, '830759', 11.719012)","(11534, '1015758', 11.719012)","(11534, '1477071', 11.719012)","(11534, '2338258', 9.443862)"

"(25174, '1607914', 12.894382)","(25174, '1585379', 12.616446)","(25174, '1586750', 12.531312)","(25174, '1587324', 12.432213)","(25174, '1423627', 12.312328)","(25174, '58760', 12.203102)","(25174, '28719', 12.203102)","(25174, '1111437', 12.031985)","(25174, '1150496', 11.523535)","(25174, '25174', 11.523535)","(25174, '1799168', 11.523535)","(25174, '2136622', 10.988116)","(25174, '698538', 10.988116)","(25174, '1779951', 10.988116)","(25174, '346140', 10.988116)","(25174, '1266248', 10.756613)","(25174, '1590488', 10.3779)","(25174, '1588691', 10.198371)","(25174, '2133267', 10.198371)","(25174, '1974743', 10.198371)"
"(265104, '492119', 15.012321)","(265104, '1926522', 15.012321)","(265104, '265104', 15.012321)","(265104, '2400759', 15.012321)","(265104, '2124794', 14.524651)","(265104, '1908247', 14.046144)","(265104, '2029779', 13.849791)","(265104, '412728', 13.849791)","(265104, '2332028', 13.849791)","(265104, '449885', 13.849791)","(265104, '1652972', 13.849791)","(265104, '1311119', 12.854369)","(265104, '933570', 12.854369)","(265104, '2012802', 12.360561)","(265104, '1069600', 12.05965)","(265104, '1741206', 11.773041)","(265104, '1013750', 11.238837)","(265104, '995347', 11.238837)","(265104, '2350161', 11.238837)","(265104, '1794157', 11.238837)"
"(139082, '2086664', 20.291428)","(139082, '811190', 19.507973)","(139082, '2225931', 19.244678)","(139082, '1416592', 17.824923)","(139082, '1442070', 17.545841)","(139082, '2190431', 16.4661)","(139082, '139082', 15.273613)","(139082, '1228604', 15.193533)","(139082, '580534', 15.193533)","(139082, '899391', 14.79068)","(139082, '379093', 14.309925)","(139082, '1118190', 14.309925)","(139082, '306445', 14.309925)","(139082, '637318', 14.309925)","(139082, '2046771', 13.898276)","(139082, '2013876', 13.898276)","(139082, '335755', 13.898276)","(139082, '681579', 13.898276)","(139082, '2273155', 13.2301855)","(139082, '864901', 13.2301855)"
"(37743, '1385344', 15.2871685)","(37743, '37743', 15.2871685)","(37743, '1332929', 13.365884)","(37743, '124560', 10.0369835)","(37743, '1504917', 10.0369835)","(37743, '2335851', 9.706252)","(37743, '1441597', 9.706252)","(37743, '797625', 9.706252)","(37743, '475352', 9.706252)","(37743, '1966482', 9.706252)","(37743, '1466087', 9.706252)","(37743, '1790529', 9.706252)","(37743, '1434142', 9.706252)","(37743, '1658870', 9.706252)","(37743, '1278740', 9.706252)","(37743, '71143', 9.706252)","(37743, '711725', 9.706252)","(37743, '215101', 9.706252)","(37743, '341138', 9.706252)","(37743, '471836', 9.706252)"
"(207224, '2275565', 30.625473)","(207224, '719047', 29.903421)","(207224, '2264779', 29.657148)","(207224, '1476355', 29.343424)","(207224, '1386690', 28.746454)","(207224, '1132700', 28.62001)","(207224, '1986030', 28.60012)","(207224, '2021971', 27.873512)","(207224, '411230', 27.84291)","(207224, '2021965', 27.815323)","(207224, '1762471', 27.625103)","(207224, '1768198', 27.575956)","(207224, '1579791', 27.57309)","(207224, '207224', 27.225159)","(207224, '690240', 27.16151)","(207224, '1897859', 27.053144)","(207224, '997372', 27.048267)","(207224, '784848', 26.680376)","(207224, '2087933', 26.587938)","(207224, '1018916', 26.51106)"
"(1313611, '4397', 15.048753)","(1313611, '1313611', 13.883401)","(1313611, '25238', 13.883401)","(1313611, '206592', 13.883401)","(1313611, '665971', 13.883401)","(1313611, '1060264', 12.885564)","(1313611, '1037865', 12.885564)","(1313611, '331039', 12.885564)","(1313611, '36229', 11.266111)","(1313611, '2428055', 11.266111)","(1313611, '1166122', 11.266111)","(1313611, '1939753', 11.266111)","(1313611, '2364599', 11.266111)","(1313611, '576624', 11.266111)","(1313611, '1988889', 11.266111)","(1313611, '1029512', 11.266111)","(1313611, '2018023', 9.078888)","(1313611, '2159172', 8.75862)","(1313611, '834076', 8.75862)","(1313611, '1909291', 8.75862)"
"(641464, '821616', 23.66079)","(641464, '1377532', 22.345522)","(641464, '87860', 20.068666)","(641464, '1599970', 19.92934)","(641464, '427924', 19.481848)","(641464, '700592', 18.977684)","(641464, '911689', 18.977684)","(641464, '455826', 18.977684)","(641464, '1810381', 18.508228)","(641464, '641464', 18.508228)","(641464, '850209', 18.508228)","(641464, '506062', 18.508228)","(641464, '455077', 17.815779)","(641464, '715110', 17.815779)","(641464, '625698', 17.815779)","(641464, '2066896', 17.803747)","(641464, '2039022', 17.803747)","(641464, '41402', 16.0852)","(641464, '2320544', 14.871634)","(641464, '850348', 14.551323)"
"(75295, '75295', 27.072708)","(75295, '364279', 26.623634)","(75295, '241786', 23.591589)","(75295, '458105', 21.206154)","(75295, '1031295', 19.601303)","(75295, '1071874', 18.08738)","(75295, '81837', 17.932583)","(75295, '2100615', 17.78829)","(75295, '521342', 17.59753)","(75295, '345821', 17.59753)","(75295, '1017094', 17.59753)","(75295, '472853', 17.333548)","(75295, '971307', 17.333548)","(75295, '986624', 17.333548)","(75295, '540204', 17.333548)","(75295, '342835', 17.333548)","(75295, '525558', 16.944172)","(75295, '1296235', 16.944172)","(75295, '254961', 16.457436)","(75295, '1682845', 16.40876)"
"(2591, '2591', 16.327156)","(2591, '892874', 15.850104)","(2591, '1105314', 15.576799)","(2591, '605908', 15.5353365)","(2591, '1784234', 15.099749)","(2591, '572710', 15.099749)","(2591, '561734', 14.997393)","(2591, '1066903', 14.7611)","(2591, '436662', 14.7611)","(2591, '975714', 14.711754)","(2591, '892651', 14.457253)","(2591, '2078706', 14.457253)","(2591, '1437418', 14.457253)","(2591, '2016023', 14.325512)","(2591, '2424654', 14.325512)","(2591, '2016001', 14.325512)","(2591, '582159', 14.325512)","(2591, '2038585', 14.325512)","(2591, '1381497', 14.325512)","(2591, '2264589', 14.281511)"
"(107590, '1441161', 18.37421)","(107590, '443002', 18.26326)","(107590, '107590', 18.26326)","(107590, '1736536', 17.669985)","(107590, '906264', 17.669985)","(107590, '2067143', 17.198645)","(107590, '1839207', 17.051964)","(107590, '817179', 17.051964)","(107590, '1307698', 16.848984)","(107590, '1426746', 16.848984)","(107590, '1797920', 16.848984)","(107590, '204379', 16.848984)","(107590, '2123567', 16.800545)","(107590, '474634', 16.494)","(107590, '2057417', 16.479095)","(107590, '1748413', 15.937401)","(107590, '1306913', 15.913288)","(107590, '1465552', 15.913288)","(107590, '1251990', 15.638001)","(107590, '1966688', 15.638001)"
"(362197, '362197', 28.86059)","(362197, '1504613', 26.417637)","(362197, '1935390', 26.064419)","(362197, '1779786', 25.613548)","(362197, '394283', 23.473942)","(362197, '859831', 22.950214)","(362197, '2279898', 22.178968)","(362197, '466736', 21.385303)","(362197, '1903081', 21.165895)","(362197, '2071128', 21.165895)","(362197, '1819934', 20.479408)","(362197, '736258', 20.165714)","(362197, '2183597', 20.080206)","(362197, '417420', 20.080206)","(362197, '758692', 19.870628)","(362197, '2315390', 19.756794)","(362197, '764478', 19.177685)","(362197, '2318002', 18.940659)","(362197, '1807126', 18.492487)","(362197, '1463296', 18.324366)"
"(13540, '2118484', 10.871866)","(13540, '2087558', 10.871866)","(13540, '2079516', 10.699913)","(13540, '2351243', 10.699913)","(13540, '13540', 10.502727)","(13540, '1375318', 10.1560755)","(13540, '983473', 10.1560755)","(13540, '76033', 10.131117)","(13540, '366979', 10.126749)","(13540, '1047639', 10.037579)","(13540, '1209770', 10.037579)","(13540, '159999', 9.965432)","(13540, '1096578', 9.9178505)","(13540, '482039', 9.9178505)","(13540, '1896606', 9.9178505)","(13540, '2301152', 9.9178505)","(13540, '341506', 9.9178505)","(13540, '503964', 9.903912)","(13540, '11448', 9.882362)","(13540, '1855133', 9.7210455)"
"(25406, '25406', 21.012869)","(25406, '19827', 19.22573)","(25406, '1157500', 18.4757)","(25406, '91920', 17.13272)","(25406, '1033952', 16.431908)","(25406, '403033', 14.935217)","(25406, '18591', 14.9046135)","(25406, '1456119', 14.7822695)","(25406, '133762', 14.2412815)","(25406, '675044', 13.666823)","(25406, '152530', 13.267685)","(25406, '28504', 13.267685)","(25406, '31498', 13.217722)","(25406, '437417', 13.217722)","(25406, '5441', 13.217722)","(25406, '99336', 11.932785)","(25406, '515516', 11.932785)","(25406, '567078', 11.556524)","(25406, '120700', 11.556524)","(25406, '1915657', 11.556524)"
"(128282, '128282', 23.771515)","(128282, '2008539', 20.993229)","(128282, '2444569', 18.499897)","(128282, '104267', 16.619804)","(128282, '2430187', 16.117846)","(128282, '412615', 14.373533)","(128282, '114212', 14.373533)","(128282, '1023131', 14.373533)","(128282, '519919', 13.07932)","(128282, '408790', 13.07932)","(128282, '2421401', 13.07932)","(128282, '804139', 13.038633)","(128282, '2426338', 13.038633)","(128282, '1077589', 9.49815)","(128282, '97527', 9.49815)","(128282, '1015024', 9.49815)","(128282, '1173422', 9.49815)","(128282, '705158', 9.49815)","(128282, '399161', 9.49815)","(128282, '694386', 9.49815)"
"(267973, '267973', 24.196459)","(267973, '478850', 18.097818)","(267973, '2085235', 17.180107)","(267973, '674843', 17.180107)","(267973, '582099', 15.559648)","(267973, '814532', 14.003672)","(267973, '681709', 13.345845)","(267973, '240609', 13.345845)","(267973, '842668', 13.345845)","(267973, '1071377', 13.345845)","(267973, '2220887', 10.169411)","(267973, '1037144', 10.169411)","(267973, '1617486', 10.169411)","(267973, '1768098', 6.497115)","(267973, '633875', 6.462645)","(267973, '1426848', 6.456417)","(267973, '157511', 6.4233236)","(267973, '1457261', 6.4233236)","(267973, '1426878', 6.4233236)","(267973, '1578151', 6.4017344)"
"(116217, '116217', 20.324892)","(116217, '450625', 19.360155)","(116217, '1427537', 17.754892)","(116217, '481952', 17.060282)","(116217, '547584', 17.012024)","(116217, '459547', 17.012024)","(116217, '433897', 16.944372)","(116217, '1065029', 16.855825)","(116217, '639848', 16.793596)","(116217, '348999', 16.781492)","(116217, '2340620', 16.508663)","(116217, '155598', 16.406534)","(116217, '430852', 16.406534)","(116217, '1369222', 16.406534)","(116217, '302391', 16.27678)","(116217, '376695', 16.27678)","(116217, '270094', 16.135588)","(116217, '529291', 15.847401)","(116217, '1927588', 15.847401)","(116217, '634163', 15.847401)"
"(16130, '998264', 18.976006)","(16130, '2005896', 17.98412)","(16130, '350854', 17.98412)","(16130, '289186', 16.374327)","(16130, '610420', 16.374327)","(16130, '581916', 16.374327)","(16130, '1818214', 15.328375)","(16130, '549650', 14.473058)","(16130, '945258', 14.246928)","(16130, '1529629', 13.761478)","(16130, '463153', 13.761478)","(16130, '1076881', 13.30802)","(16130, '1254203', 13.30802)","(16130, '148130', 13.30802)","(16130, '592338', 13.30802)","(16130, '2405900', 13.30802)","(16130, '596738', 13.30802)","(16130, '164285', 13.30802)","(16130, '2145933', 13.30802)","(16130, '2213129', 13.30802)"
"(471746, '471746', 32.413937)","(471746, '1542354', 25.19067)","(471746, '2324603', 21.90445)","(471746, '1513327', 21.182669)","(471746, '2448630', 21.182669)","(471746, '1500648', 21.182669)","(471746, '1739141', 19.964836)","(471746, '23500', 19.089138)","(471746, '985694', 19.089138)","(471746, '1160715', 18.816893)","(471746, '1542360', 18.177011)","(471746, '1552578', 18.071535)","(471746, '1293152', 18.071535)","(471746, '419018', 18.071535)","(471746, '1097663', 18.071535)","(471746, '412024', 18.071535)","(471746, '2407145', 18.071535)","(471746, '41362', 17.833961)","(471746, '2322013', 17.515251)","(471746, '1615716', 16.706394)"
"(113000, '113000', 17.03293)","(113000, '225253', 16.528109)","(113000, '525590', 16.286755)","(113000, '1832124', 15.603212)","(113000, '363054', 14.394924)","(113000, '1195536', 14.394924)","(113000, '1813742', 14.394924)","(113000, '551422', 14.394924)","(113000, '706466', 13.839134)","(113000, '1923335', 13.360322)","(113000, '418993', 13.360322)","(113000, '191318', 13.360322)","(113000, '267253', 13.360322)","(113000, '1932091', 11.9523735)","(113000, '383380', 11.681202)","(113000, '2159045', 11.681202)","(113000, '1007024', 11.681202)","(113000, '789077', 11.681202)","(113000, '1765674', 11.681202)","(113000, '1188250', 11.681202)"
"(87860, '2042194', 11.305816)","(87860, '87860', 11.194837)","(87860, '2222036', 10.987474)","(87860, '580397', 10.900583)","(87860, '475752', 10.900583)","(87860, '259222', 10.900583)","(87860, '22478', 10.900583)","(87860, '926785', 10.699699)","(87860, '2104922', 10.699699)","(87860, '1338265', 10.699699)","(87860, '1034656', 10.699699)","(87860, '930681', 10.699699)","(87860, '2167567', 10.536358)","(87860, '2055006', 10.443094)","(87860, '1761948', 10.443094)","(87860, '2184544', 10.443094)","(87860, '1661477', 10.443094)","(87860, '2099882', 10.443094)","(87860, '481315', 10.443094)","(87860, '2038118', 10.443094)"
"(25983, '845675', 21.450224)","(25983, '25983', 20.474781)","(25983, '121767', 20.12451)","(25983, '1376620', 19.189737)","(25983, '1753001', 19.020618)","(25983, '1955906', 18.754368)","(25983, '168668', 18.754368)","(25983, '768117', 18.754368)","(25983, '277998', 18.754368)","(25983, '1895032', 18.754368)","(25983, '2355672', 18.754368)","(25983, '587284', 18.754368)","(25983, '2089283', 18.754368)","(25983, '1234487', 18.075409)","(25983, '846099', 18.075409)","(25983, '1377694', 16.989103)","(25983, '1290142', 16.541367)","(25983, '1146947', 16.541367)","(25983, '654454', 16.541367)","(25983, '1301081', 16.541367)"
"(11919, '860561', 19.920197)","(11919, '2080597', 19.73159)","(11919, '304836', 19.312433)","(11919, '458377', 19.312433)","(11919, '2226093', 19.312433)","(11919, '1587481', 19.12286)","(11919, '2350168', 19.04829)","(11919, '204262', 18.896154)","(11919, '1701607', 18.844656)","(11919, '1702723', 18.805393)","(11919, '1493030', 18.36317)","(11919, '930740', 18.277073)","(11919, '2218603', 18.277073)","(11919, '1107901', 18.132895)","(11919, '1203539', 18.132895)","(11919, '1689428', 18.132895)","(11919, '885597', 17.982924)","(11919, '1350511', 17.838745)","(11919, '219030', 17.838745)","(11919, '71861', 17.838745)"
"(22343, '1130591', 24.922241)","(22343, '1675763', 21.880484)","(22343, '1734241', 21.880484)","(22343, '978858', 21.83371)","(22343, '975485', 21.83371)","(22343, '475794', 21.512915)","(22343, '2384921', 21.185198)","(22343, '351199', 21.026978)","(22343, '726364', 21.026978)","(22343, '768207', 20.354515)","(22343, '444952', 20.223915)","(22343, '748133', 19.362629)","(22343, '758326', 19.362629)","(22343, '878346', 19.362629)","(22343, '765147', 18.45491)","(22343, '344222', 18.305698)","(22343, '1549907', 18.23613)","(22343, '758155', 17.752834)","(22343, '386709', 17.752834)","(22343, '369524', 17.752834)"
"(81083, '216846', 27.792713)","(81083, '81083', 25.167257)","(81083, '2387643', 24.98948)","(81083, '872041', 24.044857)","(81083, '1261042', 22.046774)","(81083, '967518', 22.046171)","(81083, '720549', 16.016314)","(81083, '681618', 16.01587)","(81083, '809654', 16.01587)","(81083, '335521', 16.015308)","(81083, '2437899', 16.012938)","(81083, '1061887', 13.450532)","(81083, '2119831', 13.4485)","(81083, '2285196', 13.447936)","(81083, '490873', 12.183802)","(81083, '536101', 12.183292)","(81083, '103742', 12.006168)","(81083, '54726', 12.005659)","(81083, '532819', 11.890957)","(81083, '2193034', 11.888813)"
"(172877, '601814', 17.181786)","(172877, '331292', 14.322879)","(172877, '602620', 14.172974)","(172877, '454833', 13.417459)","(172877, '1571476', 13.171571)","(172877, '602053', 12.87451)","(172877, '726168', 12.87451)","(172877, '309161', 12.87451)","(172877, '799516', 12.781192)","(172877, '802729', 12.609972)","(172877, '480131', 12.609972)","(172877, '367711', 12.508207)","(172877, '843593', 12.443056)","(172877, '970808', 12.362451)","(172877, '632012', 12.362451)","(172877, '2205730', 12.362451)","(172877, '2387224', 12.065969)","(172877, '1671472', 12.065969)","(172877, '606850', 12.065969)","(172877, '2356968', 12.065969)"
"(7169, '7078', 24.677353)","(7169, '7169', 23.958815)","(7169, '10038', 18.375082)","(7169, '1819379', 17.446503)","(7169, '1821564', 15.99357)","(7169, '2082603', 15.440218)","(7169, '505235', 15.379623)","(7169, '73983', 15.379623)","(7169, '283713', 15.379623)","(7169, '2415472', 13.499699)","(7169, '128516', 13.34391)","(7169, '134233', 13.34391)","(7169, '1139195', 10.13747)","(7169, '161354', 10.13747)","(7169, '75596', 9.803427)","(7169, '1183351', 9.803427)","(7169, '128523', 9.803427)","(7169, '88435', 9.803427)","(7169, '357298', 9.803427)","(7169, '2335644', 7.5320334)"
"(13690, '1900805', 16.874355)","(13690, '1502365', 16.680967)","(13690, '1121532', 16.0991)","(13690, '645450', 15.85346)","(13690, '2062276', 15.4959955)","(13690, '13690', 15.119118)","(13690, '2166599', 15.116527)","(13690, '1356524', 14.540294)","(13690, '1942564', 14.205991)","(13690, '1032490', 14.075133)","(13690, '2075501', 13.81713)","(13690, '1960848', 13.686372)","(13690, '1627034', 13.685366)","(13690, '1192420', 13.6824465)","(13690, '1021425', 13.61251)","(13690, '1126365', 13.070214)","(13690, '281408', 12.963381)","(13690, '649887', 12.962132)","(13690, '2093479', 12.96157)","(13690, '2239360', 12.96157)"
"(8140, '8140', 20.865047)","(8140, '1426551', 20.050549)","(8140, '94256', 17.655767)","(8140, '1118476', 17.023615)","(8140, '73864', 17.023615)","(8140, '694773', 13.873347)","(8140, '692822', 13.873347)","(8140, '1418176', 13.873347)","(8140, '620999', 13.873347)","(8140, '771711', 13.873347)","(8140, '708970', 13.873347)","(8140, '1113226', 13.873347)","(8140, '830373', 13.873347)","(8140, '1383258', 13.814335)","(8140, '1118479', 13.814335)","(8140, '468703', 7.6495957)","(8140, '1032777', 7.5745068)","(8140, '1032799', 7.4847097)","(8140, '490689', 7.4847097)","(8140, '2205302', 7.4847097)"
"(206019, '498419', 15.503635)","(206019, '1334440', 15.011398)","(206019, '942063', 14.74164)","(206019, '1347278', 14.733379)","(206019, '1328726', 14.259573)","(206019, '1529391', 14.259573)","(206019, '1825388', 14.259573)","(206019, '1135926', 14.259573)","(206019, '1164436', 14.1677)","(206019, '1665883', 14.153507)","(206019, '142326', 13.8862705)","(206019, '571708', 13.8862705)","(206019, '1270785', 13.8862705)","(206019, '2199706', 13.746954)","(206019, '1838033', 13.746954)","(206019, '1397010', 13.582951)","(206019, '1214622', 13.477196)","(206019, '1009208', 13.477196)","(206019, '206019', 13.477196)","(206019, '247969', 13.477196)"
"(104453, '615389', 26.416695)","(104453, '104453', 24.717466)","(104453, '2362111', 21.9215)","(104453, '2191016', 21.335957)","(104453, '1895884', 20.77117)","(104453, '1446187', 20.703054)","(104453, '757440', 20.082045)","(104453, '2380674', 19.588686)","(104453, '694802', 19.47316)","(104453, '2358404', 19.147404)","(104453, '640355', 18.29181)","(104453, '180299', 18.043873)","(104453, '411595', 16.549114)","(104453, '1171613', 16.5245)","(104453, '419231', 14.145343)","(104453, '823716', 14.144754)","(104453, '1072771', 14.143941)","(104453, '409924', 14.14274)","(104453, '1491235', 13.765311)","(104453, '679926', 13.710799)"
"(73673, '279724', 14.457543)","(73673, '1864073', 13.563708)","(73673, '647655', 12.640526)","(73673, '1058253', 12.640526)","(73673, '1610881', 12.640526)","(73673, '529546', 12.640526)","(73673, '160275', 12.640526)","(73673, '2152537', 12.640526)","(73673, '420544', 10.186471)","(73673, '1961054', 9.1795)","(73673, '2351984', 9.1795)","(73673, '1133047', 9.1795)","(73673, '996800', 9.1795)","(73673, '784251', 9.1795)","(73673, '1605097', 9.1795)","(73673, '149453', 9.1795)","(73673, '775433', 9.1795)","(73673, '1095164', 9.1795)","(73673, '238490', 9.1795)","(73673, '972508', 9.1795)"
"(996687, '996687', 24.123547)","(996687, '2053858', 23.660343)","(996687, '392691', 20.461723)","(996687, '1255489', 19.433052)","(996687, '666809', 18.604885)","(996687, '666813', 16.568579)","(996687, '649454', 16.438828)","(996687, '677692', 16.438828)","(996687, '679340', 14.865618)","(996687, '1509164', 14.359087)","(996687, '1577018', 14.02937)","(996687, '1834069', 13.885936)","(996687, '887629', 13.885936)","(996687, '341993', 13.885936)","(996687, '246055', 13.885936)","(996687, '243964', 13.885936)","(996687, '1735641', 13.885936)","(996687, '137334', 13.885936)","(996687, '481952', 13.885936)","(996687, '687049', 13.885936)"
"(121384, '1062953', 16.3942)","(121384, '491690', 16.3942)","(121384, '706385', 13.303576)","(121384, '2026978', 10.920453)","(121384, '786719', 9.661004)","(121384, '1611688', 9.661004)","(121384, '121384', 9.661004)","(121384, '358356', 9.661004)","(121384, '411145', 9.661004)","(121384, '1858222', 9.661004)","(121384, '1129724', 9.661004)","(121384, '258785', 9.661004)","(121384, '245123', 9.661004)","(121384, '1597973', 9.661004)","(121384, '264081', 9.661004)","(121384, '925826', 9.661004)","(121384, '868257', 9.661004)","(121384, '948116', 9.661004)","(121384, '1704342', 9.661004)","(121384, '1790226', 9.661004)"
"(87686, '1157199', 15.732185)","(87686, '2058032', 15.22113)","(87686, '2058748', 14.513909)","(87686, '87686', 14.513909)","(87686, '976192', 14.513909)","(87686, '1374014', 14.513909)","(87686, '966769', 14.513909)","(87686, '503404', 13.470757)","(87686, '118884', 13.470757)","(87686, '75013', 13.470757)","(87686, '67554', 11.777758)","(87686, '364455', 11.777758)","(87686, '1055264', 11.777758)","(87686, '2213553', 11.777758)","(87686, '1615040', 11.777758)","(87686, '1008719', 11.777758)","(87686, '1817445', 11.777758)","(87686, '529269', 11.777758)","(87686, '2360876', 9.491202)","(87686, '1622162', 9.491202)"
"(410859, '410859', 18.206951)","(410859, '2193366', 15.483763)","(410859, '2218906', 13.303576)","(410859, '1248605', 13.303576)","(410859, '2390175', 10.720797)","(410859, '692721', 10.342608)","(410859, '1966054', 9.990194)","(410859, '790751', 9.990194)","(410859, '1403393', 9.661004)","(410859, '2211780', 9.661004)","(410859, '2233467', 9.661004)","(410859, '2205018', 9.661004)","(410859, '790685', 9.661004)","(410859, '691699', 9.661004)","(410859, '1553828', 9.661004)","(410859, '2235789', 9.661004)","(410859, '792598', 9.661004)","(410859, '617295', 9.661004)","(410859, '499876', 9.661004)","(410859, '1402089', 9.661004)"
"(108909, '108909', 21.903965)","(108909, '1076780', 17.21361)","(108909, '852957', 16.260933)","(108909, '575162', 15.578473)","(108909, '1779265', 15.578473)","(108909, '1424615', 15.537153)","(108909, '485246', 15.072411)","(108909, '1450812', 14.476307)","(108909, '510037', 14.476307)","(108909, '2281021', 14.372101)","(108909, '1991302', 13.864552)","(108909, '238020', 13.644733)","(108909, '2141042', 13.339139)","(108909, '113565', 12.900802)","(108909, '1965133', 12.900802)","(108909, '2344470', 12.722395)","(108909, '926237', 11.662682)","(108909, '1898633', 11.662682)","(108909, '134057', 11.662682)","(108909, '2150709', 11.662682)"
"(92044, '92044', 16.724794)","(92044, '412323', 10.55117)","(92044, '852657', 10.191649)","(92044, '1319887', 9.855822)","(92044, '1144486', 9.855822)","(92044, '426583', 9.855822)","(92044, '217783', 9.855822)","(92044, '813814', 9.855822)","(92044, '229323', 9.855822)","(92044, '294135', 9.855822)","(92044, '848076', 9.855822)","(92044, '1371580', 9.855822)","(92044, '1721593', 9.855822)","(92044, '920018', 9.855822)","(92044, '343413', 9.855822)","(92044, '633169', 9.855822)","(92044, '1272986', 9.855822)","(92044, '1967213', 9.855822)"
"(371437, '371437', 24.761522)","(371437, '336506', 23.53712)","(371437, '1992216', 22.981846)","(371437, '199552', 22.08065)","(371437, '1097635', 22.08065)","(371437, '719829', 20.36407)","(371437, '1416899', 20.36407)","(371437, '1125372', 20.36407)","(371437, '1072365', 20.093498)","(371437, '565706', 18.376917)","(371437, '1095695', 18.376917)","(371437, '2303441', 17.472067)","(371437, '1077262', 17.314667)","(371437, '911609', 17.20959)","(371437, '1267694', 17.20959)","(371437, '1121124', 16.581673)","(371437, '1031250', 16.308397)","(371437, '1089950', 16.308397)","(371437, '1026583', 15.811276)","(371437, '1861181', 15.811276)"
"(151303, '350094', 15.414072)","(151303, '151303', 14.91335)","(151303, '1057425', 14.22043)","(151303, '2372829', 14.22043)","(151303, '830005', 13.19837)","(151303, '575152', 13.19837)","(151303, '712160', 13.19837)","(151303, '1258999', 11.8074875)","(151303, '1124451', 11.539604)","(151303, '400659', 11.539604)","(151303, '1399832', 11.539604)","(151303, '2110400', 11.539604)","(151303, '2236373', 11.539604)","(151303, '2147494', 11.539604)","(151303, '2271047', 11.539604)","(151303, '1993287', 11.539604)","(151303, '240760', 11.539604)","(151303, '331770', 11.539604)","(151303, '1028738', 11.539604)","(151303, '326096', 11.539604)"
"(101626, '101626', 24.894457)","(101626, '1684402', 23.726227)","(101626, '2353406', 23.301426)","(101626, '2025756', 23.171661)","(101626, '2009739', 23.125986)","(101626, '1284191', 22.493496)","(101626, '1356891', 22.363754)","(101626, '850140', 21.86203)","(101626, '414068', 21.86203)","(101626, '281878', 21.49319)","(101626, '858945', 21.102472)","(101626, '2011331', 20.814186)","(101626, '531730', 20.814186)","(101626, '2302732', 20.331001)","(101626, '487866', 19.86974)","(101626, '1341775', 19.86974)","(101626, '1337804', 19.86974)","(101626, '1685865', 19.86974)","(101626, '2040102', 19.86974)","(101626, '535382', 19.86974)"
"(79032, '2179154', 16.356117)","(79032, '444531', 16.356117)","(79032, '1203043', 14.693957)","(79032, '2314280', 13.539906)","(79032, '1597469', 13.539906)","(79032, '2290384', 13.539906)","(79032, '1720124', 13.292589)","(79032, '1280608', 13.292589)","(79032, '679267', 12.715746)","(79032, '2242864', 12.674974)","(79032, '1644901', 12.674974)","(79032, '1969292', 12.28247)","(79032, '2045218', 12.28247)","(79032, '301994', 11.877747)","(79032, '1407635', 11.877747)","(79032, '1472223', 11.877747)","(79032, '415591', 11.877747)","(79032, '952315', 11.877747)","(79032, '2237246', 11.877747)","(79032, '333226', 11.877747)"
"(17656, '1379750', 14.87041)","(17656, '267726', 13.160368)","(17656, '2040919', 13.160368)","(17656, '1860758', 13.160368)","(17656, '17656', 13.160368)","(17656, '2370222', 11.506378)","(17656, '373938', 11.506378)","(17656, '2289419', 11.506378)","(17656, '2315815', 11.506378)","(17656, '1371866', 11.506378)","(17656, '2031198', 11.506378)","(17656, '854728', 11.506378)","(17656, '830257', 11.506378)","(17656, '2358546', 11.506378)","(17656, '2063690', 11.506378)","(17656, '1855650', 11.506378)","(17656, '1418457', 11.506378)","(17656, '5767', 11.506378)","(17656, '665351', 11.506378)","(17656, '978667', 11.506378)"
"(15514, '15514', 16.346458)","(15514, '460758', 14.440358)","(15514, '1190652', 14.1702)","(15514, '1759320', 13.771718)","(15514, '1847955', 13.1517515)","(15514, '527984', 13.1517515)","(15514, '146744', 13.124994)","(15514, '1930726', 13.124994)","(15514, '1030250', 12.814208)","(15514, '2246133', 12.54405)","(15514, '1117132', 12.54405)","(15514, '2442369', 12.505028)","(15514, '2276783', 12.505028)","(15514, '1140731', 12.505028)","(15514, '556914', 12.505028)","(15514, '1551191', 12.505028)","(15514, '1022254', 12.338646)","(15514, '2143933', 12.145568)","(15514, '207346', 12.145568)","(15514, '851416', 12.145568)"
"(1254734, '1254734', 15.326565)","(1254734, '1135690', 14.473058)","(1254734, '2366973', 14.473058)","(1254734, '1689996', 14.473058)","(1254734, '1808305', 13.800595)","(1254734, '1473775', 13.800595)","(1254734, '279884', 13.495218)","(1254734, '609296', 12.808709)","(1254734, '2221060', 12.808709)","(1254734, '301685', 12.808709)","(1254734, '903289', 12.016813)","(1254734, '1284106', 11.1989155)","(1254734, '878717', 11.1989155)","(1254734, '262844', 11.1989155)","(1254734, '2320121', 11.1989155)","(1254734, '2192121', 11.1989155)","(1254734, '1958517', 11.1989155)","(1254734, '1993244', 11.1989155)","(1254734, '665239', 11.1989155)","(1254734, '655165', 11.1989155)"
"(1238278, '1642847', 28.300488)","(1238278, '1238278', 26.283058)","(1238278, '1929235', 25.745487)","(1238278, '452331', 25.668804)","(1238278, '1870123', 25.521194)","(1238278, '381170', 24.331758)","(1238278, '1216395', 24.331758)","(1238278, '657820', 24.331758)","(1238278, '2427078', 23.558619)","(1238278, '346813', 23.558619)","(1238278, '438356', 23.558619)","(1238278, '2044925', 23.558619)","(1238278, '334235', 23.061615)","(1238278, '1686317', 22.303843)","(1238278, '2198623', 22.303843)","(1238278, '205497', 22.303843)","(1238278, '533774', 22.303843)","(1238278, '2043276', 22.303843)","(1238278, '1486324', 21.517883)","(1238278, '485648', 21.13911)"
"(21645, '21645', 16.324123)","(21645, '2300832', 15.373246)","(21645, '2214831', 14.340526)","(21645, '1975775', 13.874678)","(21645, '1484557', 13.417584)","(21645, '1531824', 13.230018)","(21645, '23060', 12.982831)","(21645, '376374', 12.982831)","(21645, '2323560', 12.982831)","(21645, '307600', 12.27914)","(21645, '668617', 12.27914)","(21645, '711897', 12.27914)","(21645, '2245601', 12.27914)","(21645, '28652', 12.27914)","(21645, '468886', 12.27914)","(21645, '514159', 12.27914)","(21645, '7771', 11.609284)","(21645, '1138508', 11.335239)","(21645, '1267380', 10.890476)","(21645, '510236', 10.890476)"
"(1280405, '2119230', 15.975265)","(1280405, '193249', 15.220316)","(1280405, '1485477', 14.583374)","(1280405, '1280405', 14.583374)","(1280405, '265015', 14.43856)","(1280405, '692168', 14.43856)","(1280405, '2114191', 14.253578)","(1280405, '366781', 14.138168)","(1280405, '1098214', 14.138168)","(1280405, '1798822', 14.009026)","(1280405, '1329465', 13.670604)","(1280405, '2238522', 13.670604)","(1280405, '1514804', 13.670604)","(1280405, '1482020', 13.670604)","(1280405, '1986968', 13.328028)","(1280405, '696170', 13.17143)","(1280405, '691670', 12.948845)","(1280405, '301661', 12.784385)","(1280405, '1684957', 12.784385)","(1280405, '1804962', 12.741947)"
"(32559, '32559', 16.987677)","(32559, '796802', 15.463167)","(32559, '394192', 14.029378)","(32559, '606510', 14.029378)","(32559, '93012', 14.029378)","(32559, '2428394', 13.743725)","(32559, '1315167', 13.066479)","(32559, '1291875', 12.964645)","(32559, '846082', 12.911573)","(32559, '268583', 12.723031)","(32559, '1273752', 12.488561)","(32559, '1606074', 12.488561)","(32559, '791763', 12.235805)","(32559, '144905', 12.235805)","(32559, '2264821', 12.1890545)","(32559, '459069', 12.1890545)","(32559, '2316260', 11.870501)","(32559, '1333272', 11.870501)","(32559, '1597973', 11.793097)","(32559, '17400', 11.793097)"
"(34939, '352063', 17.541172)","(34939, '34939', 16.971354)","(34939, '709143', 16.182812)","(34939, '600258', 16.182812)","(34939, '1179910', 15.019711)","(34939, '944171', 15.019711)","(34939, '880818', 13.43689)","(34939, '961349', 13.132039)","(34939, '1238558', 13.132039)","(34939, '417759', 13.132039)","(34939, '1430547', 9.536435)","(34939, '165719', 9.536435)","(34939, '1278270', 9.536435)","(34939, '694114', 9.536435)","(34939, '2144644', 9.536435)","(34939, '1604968', 9.536435)","(34939, '1593792', 9.536435)","(34939, '120801', 9.536435)","(34939, '1408283', 9.536435)","(34939, '2088983', 9.536435)"
"(174151, '2369425', 15.36105)","(174151, '2436942', 15.282195)","(174151, '430211', 14.645598)","(174151, '1186514', 14.576995)","(174151, '2350052', 13.933429)","(174151, '1040696', 13.618145)","(174151, '2241562', 13.153099)","(174151, '641373', 13.153099)","(174151, '1240331', 13.153099)","(174151, '1918715', 13.050436)","(174151, '115967', 13.050436)","(174151, '174151', 12.783582)","(174151, '1828673', 12.5137005)","(174151, '1205733', 12.511431)","(174151, '2382679', 12.505554)","(174151, '1510345', 12.398347)","(174151, '2350903', 12.398347)","(174151, '368642', 12.398347)","(174151, '2451799', 12.398347)","(174151, '1068365', 12.398347)"
"(4900, '973440', 15.704821)","(4900, '4900', 15.335167)","(4900, '1439087', 14.825996)","(4900, '1322917', 14.652464)","(4900, '2064714', 14.652464)","(4900, '1445071', 14.344378)","(4900, '617105', 13.750026)","(4900, '2334631', 13.677895)","(4900, '1217601', 13.677895)","(4900, '1374404', 13.677895)","(4900, '1037110', 13.481821)","(4900, '325041', 13.323684)","(4900, '2326221', 13.323684)","(4900, '347207', 13.175156)","(4900, '1961850', 12.748814)","(4900, '1227346', 12.694827)","(4900, '2292393', 12.694827)","(4900, '1311910', 12.694827)","(4900, '1858796', 12.694827)","(4900, '1879210', 12.694827)"
"(10166, '472366', 21.338625)","(10166, '2410953', 20.490536)","(10166, '679674', 19.59304)","(10166, '10166', 19.516996)","(10166, '2340336', 19.488665)","(10166, '1589718', 19.15472)","(10166, '2396724', 18.528831)","(10166, '705752', 18.159536)","(10166, '1557573', 17.78294)","(10166, '1377964', 17.78294)","(10166, '1942418', 17.717741)","(10166, '2172103', 17.39794)","(10166, '1886126', 17.241756)","(10166, '2139314', 16.86516)","(10166, '971457', 16.86516)","(10166, '297836', 16.455902)","(10166, '308463', 16.455902)","(10166, '1269458', 16.079306)","(10166, '1170756', 16.079306)","(10166, '241664', 16.047255)"
"(25726, '2352514', 13.226994)","(25726, '25726', 12.260224)","(25726, '734188', 12.260224)","(25726, '622623', 12.260224)","(25726, '510117', 11.690577)","(25726, '1073011', 11.04135)","(25726, '1312021', 11.04135)","(25726, '1837912', 11.04135)","(25726, '1758435', 10.850344)","(25726, '2117935', 10.850344)","(25726, '1663968', 10.850344)","(25726, '2066646', 10.850344)","(25726, '280547', 10.850344)","(25726, '976965', 10.850344)","(25726, '1941332', 10.850344)","(25726, '1477595', 10.850344)","(25726, '1773585', 10.850344)","(25726, '1692250', 10.850344)","(25726, '591565', 10.850344)","(25726, '1693789', 10.850344)"
"(720, '345300', 24.010435)","(720, '373618', 22.488827)","(720, '1136741', 22.488827)","(720, '122253', 22.488827)","(720, '550046', 22.488827)","(720, '358173', 19.590492)","(720, '92371', 19.590492)","(720, '190642', 19.590492)","(720, '649454', 19.590492)","(720, '376388', 19.590492)","(720, '262305', 19.590492)","(720, '639848', 18.460312)","(720, '1783982', 16.887772)","(720, '429222', 16.887772)","(720, '1854956', 16.887772)","(720, '1509164', 16.887772)","(720, '195938', 16.331297)","(720, '754736', 16.331297)","(720, '519967', 16.331297)","(720, '684900', 16.331297)"
"(200237, '1852382', 22.62003)","(200237, '1473792', 20.864386)","(200237, '2045402', 16.426577)","(200237, '1679778', 16.426577)","(200237, '1552623', 16.426577)","(200237, '860983', 16.426577)","(200237, '1676489', 16.426577)","(200237, '1352798', 16.426577)","(200237, '212272', 14.882512)","(200237, '2261065', 14.690019)","(200237, '1269463', 14.591105)","(200237, '1317466', 14.160978)","(200237, '2038513', 13.839997)","(200237, '1705736', 13.54471)","(200237, '1667404', 13.54471)","(200237, '2303321', 13.54471)","(200237, '1437647', 13.335765)","(200237, '1865372', 13.153272)","(200237, '2347077', 13.098487)","(200237, '1789981', 13.098487)"
"(14410, '14410', 15.374946)","(14410, '1110855', 15.247931)","(14410, '86124', 14.919263)","(14410, '1009258', 14.701403)","(14410, '973079', 14.430473)","(14410, '23846', 14.430473)","(14410, '569629', 14.430473)","(14410, '757120', 14.084396)","(14410, '1159840', 14.084396)","(14410, '870326', 13.626869)","(14410, '283216', 13.626869)","(14410, '154297', 13.626869)","(14410, '439235', 13.626869)","(14410, '201915', 13.626869)","(14410, '1062855', 13.626869)","(14410, '1350487', 13.626869)","(14410, '1173294', 12.993723)","(14410, '91146', 12.993723)","(14410, '1608868', 12.993723)","(14410, '2005565', 12.993723)"
"(23920, '2341047', 17.600748)","(23920, '804964', 17.368843)","(23920, '23920', 16.65879)","(23920, '2285025', 16.440378)","(23920, '846878', 16.395477)","(23920, '1505674', 15.590584)","(23920, '963776', 15.550399)","(23920, '1647337', 15.458186)","(23920, '951593', 15.449788)","(23920, '2358280', 15.2918)","(23920, '2330754', 15.083979)","(23920, '233332', 15.080549)","(23920, '424330', 15.058828)","(23920, '514297', 15.004411)","(23920, '1989155', 14.967561)","(23920, '322525', 14.897295)","(23920, '2412659', 14.79859)","(23920, '2010989', 14.781461)","(23920, '1435673', 14.712678)","(23920, '588733', 14.685475)"
"(1897191, '426292', 11.063098)","(1897191, '2199815', 11.063098)","(1897191, '1112200', 11.063098)","(1897191, '228744', 11.063098)","(1897191, '141491', 11.063098)"
"(196387, '581793', 34.755753)","(196387, '1127542', 33.625214)","(196387, '905457', 33.5658)","(196387, '590065', 32.786137)","(196387, '580150', 30.743711)","(196387, '333396', 29.613714)","(196387, '581099', 28.519796)","(196387, '1163970', 27.000544)","(196387, '1127706', 26.129568)","(196387, '1170310', 22.06004)","(196387, '617544', 21.441027)","(196387, '764292', 21.174755)","(196387, '1126463', 20.710844)","(196387, '1938028', 19.747414)","(196387, '1578384', 19.496893)","(196387, '1311075', 18.711931)","(196387, '1668686', 18.706812)","(196387, '1127500', 18.269403)","(196387, '196387', 18.268581)","(196387, '1535670', 18.02688)"
"(25130, '1114179', 19.100378)","(25130, '1339117', 18.061995)","(25130, '1791441', 18.061995)","(25130, '1822051', 17.335255)","(25130, '1352062', 15.950972)","(25130, '656', 15.950972)","(25130, '797254', 15.950972)","(25130, '25130', 15.869575)","(25130, '576623', 15.132225)","(25130, '371783', 15.071998)","(25130, '1935967', 14.699816)","(25130, '883035', 14.699816)","(25130, '1348605', 14.044632)","(25130, '1385260', 14.044632)","(25130, '901222', 13.973076)","(25130, '414514', 13.973076)","(25130, '498467', 12.588793)","(25130, '364929', 12.588793)","(25130, '1631050', 12.588793)","(25130, '1668543', 12.588793)"
"(28232, '28232', 15.522738)","(28232, '778621', 15.522738)","(28232, '300185', 13.571847)","(28232, '501846', 10.936984)","(28232, '293054', 9.855822)","(28232, '99140', 9.855822)","(28232, '2361217', 9.855822)","(28232, '438395', 9.855822)","(28232, '2289213', 9.855822)","(28232, '1957735', 9.855822)","(28232, '1171499', 9.855822)","(28232, '228631', 9.855822)","(28232, '2256656', 9.855822)","(28232, '1743438', 9.855822)","(28232, '2187326', 9.855822)","(28232, '204520', 9.855822)","(28232, '2403738', 9.855822)","(28232, '278630', 9.855822)"
"(16952, '1256386', 31.423405)","(16952, '2191636', 27.157509)","(16952, '16952', 24.338413)","(16952, '1489058', 23.744366)","(16952, '1864305', 23.590973)","(16952, '688960', 23.585888)","(16952, '868194', 20.67445)","(16952, '1106097', 19.13459)","(16952, '1066898', 18.459599)","(16952, '2061524', 17.830605)","(16952, '378359', 17.830605)","(16952, '1363165', 17.243063)","(16952, '2270999', 17.243063)","(16952, '1815781', 17.243063)","(16952, '1654083', 17.243063)","(16952, '1383054', 17.243063)","(16952, '1011401', 17.243063)","(16952, '864074', 17.243063)","(16952, '2374445', 17.243063)","(16952, '2007130', 17.243063)"
"(28485, '810807', 18.105598)","(28485, '28485', 17.991241)","(28485, '709670', 17.441402)","(28485, '629683', 17.399239)","(28485, '631234', 17.1142)","(28485, '210277', 17.114035)","(28485, '327869', 17.026308)","(28485, '1138870', 17.0067)","(28485, '485941', 16.936138)","(28485, '2298445', 16.911303)","(28485, '476375', 16.692486)","(28485, '19315', 16.398455)","(28485, '493972', 16.117409)","(28485, '606570', 16.050945)","(28485, '329139', 15.951552)","(28485, '369299', 15.7124405)","(28485, '422464', 15.611546)","(28485, '644212', 15.603139)","(28485, '40673', 15.582938)","(28485, '1931870', 15.181425)"
"(113827, '113827', 29.177666)","(113827, '2226640', 24.703474)","(113827, '113823', 20.357813)","(113827, '113836', 20.347223)","(113827, '1176773', 19.516962)","(113827, '628912', 18.28426)","(113827, '25063', 18.195587)","(113827, '1703690', 17.726534)","(113827, '2381948', 17.191694)","(113827, '650982', 16.748724)","(113827, '2380284', 16.733606)","(113827, '1392525', 16.733606)","(113827, '1286672', 15.989833)","(113827, '1183703', 15.988535)","(113827, '929246', 15.816232)","(113827, '854503', 15.626871)","(113827, '1303473', 15.50477)","(113827, '541973', 15.29104)","(113827, '1379559', 15.249392)","(113827, '1083165', 15.183056)"
"(32219, '32219', 27.22716)","(32219, '143582', 26.383678)","(32219, '146349', 26.124695)","(32219, '1973651', 25.814981)","(32219, '1614660', 25.814981)","(32219, '968936', 25.814981)","(32219, '277454', 25.814981)","(32219, '1031282', 24.969223)","(32219, '1436924', 24.969223)","(32219, '1546536', 24.370401)","(32219, '1739108', 24.370401)","(32219, '1137902', 24.370401)","(32219, '1382229', 24.370401)","(32219, '2353152', 24.370401)","(32219, '1477696', 24.370401)","(32219, '643883', 24.370401)","(32219, '1729959', 23.858555)","(32219, '1514952', 23.578735)","(32219, '1032328', 23.578735)","(32219, '1262289', 23.578735)"
"(6984, '503299', 14.529044)","(6984, '2264766', 13.881672)","(6984, '278573', 13.386073)","(6984, '1048219', 13.381409)","(6984, '1009934', 12.80546)","(6984, '874597', 12.369449)","(6984, '1410805', 12.369449)","(6984, '279407', 12.369449)","(6984, '595746', 12.369449)","(6984, '742391', 12.369449)","(6984, '2289542', 12.062836)","(6984, '488650', 11.793499)","(6984, '1748468', 11.793499)","(6984, '72607', 11.793499)","(6984, '1450758', 11.793499)","(6984, '533481', 11.793499)","(6984, '240610', 11.484906)","(6984, '2200715', 11.484906)","(6984, '1828695', 11.1767645)","(6984, '1825708', 11.1767645)"
"(124119, '974650', 13.7553625)","(124119, '1765785', 13.6287155)","(124119, '862481', 13.425476)","(124119, '1244357', 12.989353)","(124119, '742210', 12.989353)","(124119, '2303426', 12.989353)","(124119, '1857795', 12.989353)","(124119, '124119', 12.989353)","(124119, '1006905', 12.989353)","(124119, '835914', 12.385828)","(124119, '1290550', 12.385828)","(124119, '477061', 12.385828)","(124119, '476405', 12.385828)","(124119, '1084329', 12.385828)","(124119, '555369', 12.385828)","(124119, '1413449', 11.90761)","(124119, '481870', 11.697991)","(124119, '367969', 11.495625)","(124119, '2277678', 11.495625)","(124119, '830388', 11.495625)"
"(34875, '34875', 26.71413)","(34875, '2127341', 21.136513)","(34875, '1876203', 18.45431)","(34875, '1163068', 18.27356)","(34875, '2072713', 17.89307)","(34875, '1640804', 17.100407)","(34875, '1894724', 17.01474)","(34875, '2059947', 16.877851)","(34875, '2190073', 16.64802)","(34875, '232614', 16.646862)","(34875, '124779', 16.617548)","(34875, '1778256', 16.541952)","(34875, '127982', 16.27186)","(34875, '35538', 16.076344)","(34875, '156186', 15.304224)","(34875, '156646', 15.303915)","(34875, '127852', 14.730354)","(34875, '370248', 14.729865)","(34875, '1947319', 14.729532)","(34875, '558438', 14.729106)"
"(7911, '2424742', 9.1893215)","(7911, '153632', 8.970989)","(7911, '1612640', 8.806587)","(7911, '2394203', 8.733834)","(7911, '2057350', 8.733834)","(7911, '1140583', 8.6069765)","(7911, '2255878', 8.545577)","(7911, '2109190', 8.545577)","(7911, '1566470', 8.42079)","(7911, '659784', 8.42079)","(7911, '1606366', 8.42079)","(7911, '1784641', 8.42079)","(7911, '1673302', 8.42079)","(7911, '2359539', 8.42079)","(7911, '1396336', 8.42079)","(7911, '109939', 8.42079)","(7911, '7911', 8.42079)","(7911, '8546', 8.42079)","(7911, '1279298', 8.42079)","(7911, '938283', 8.42079)"
"(8630, '8630', 17.701126)","(8630, '1503471', 15.044083)","(8630, '1882271', 14.807544)","(8630, '110421', 14.582287)","(8630, '2436104', 14.480209)","(8630, '2143292', 13.997391)","(8630, '275835', 13.806036)","(8630, '2139539', 13.213795)","(8630, '172913', 13.213795)","(8630, '98398', 13.213795)","(8630, '1922717', 13.213795)","(8630, '2143428', 13.213795)","(8630, '279046', 13.097597)","(8630, '8314', 13.097597)","(8630, '1346503', 12.918676)","(8630, '1378581', 12.837038)","(8630, '910737', 12.837038)","(8630, '1199365', 12.682137)","(8630, '2060362', 12.354803)","(8630, '2041354', 12.354803)"
"(422206, '1492778', 20.489077)","(422206, '422206', 20.172037)","(422206, '1527671', 19.427126)","(422206, '1441616', 18.31128)","(422206, '1597491', 17.284178)","(422206, '1554293', 16.573484)","(422206, '1094400', 15.77021)","(422206, '2175181', 15.540806)","(422206, '2176648', 15.280963)","(422206, '1444365', 15.280963)","(422206, '249349', 14.695968)","(422206, '437829', 14.055975)","(422206, '720227', 14.055975)","(422206, '1670981', 14.055975)","(422206, '1285105', 14.055975)","(422206, '2194768', 13.639729)","(422206, '1865777', 13.639729)","(422206, '2090395', 12.579021)","(422206, '438343', 12.451721)","(422206, '2346779', 12.275558)"
"(81416, '1814115', 16.669453)","(81416, '84057', 16.41522)","(81416, '81416', 16.061392)","(81416, '553675', 15.826854)","(81416, '490650', 15.535185)","(81416, '2372915', 14.67006)","(81416, '370804', 13.988444)","(81416, '956539', 13.988444)","(81416, '1378424', 13.988444)","(81416, '1578355', 12.983057)","(81416, '1701594', 12.983057)","(81416, '815037', 12.983057)","(81416, '1680541', 11.890903)","(81416, '809543', 11.614866)","(81416, '364112', 11.351353)","(81416, '1443601', 11.351353)","(81416, '802979', 11.351353)","(81416, '2285573', 11.351353)","(81416, '1839227', 11.351353)","(81416, '305627', 11.351353)"
"(28106, '28106', 13.510052)","(28106, '1152000', 13.510052)","(28106, '786267', 12.754043)","(28106, '1774669', 12.636129)","(28106, '1300226', 12.339731)","(28106, '1971260', 12.339731)","(28106, '1748654', 12.339731)","(28106, '1761906', 12.339731)","(28106, '1175128', 12.339731)","(28106, '2194863', 12.339731)","(28106, '658587', 12.339731)","(28106, '2214396', 11.933206)","(28106, '1308752', 11.76639)","(28106, '1238616', 11.76639)","(28106, '1775137', 11.76639)","(28106, '2090961', 11.76639)","(28106, '1422654', 11.76639)","(28106, '662803', 11.76639)","(28106, '2032618', 11.76639)","(28106, '1042641', 11.76639)"
"(738573, '424913', 15.307026)","(738573, '1026929', 15.245353)","(738573, '1035337', 15.155429)","(738573, '1827696', 14.833317)","(738573, '863869', 14.660302)","(738573, '1991853', 14.660302)","(738573, '821438', 14.660302)","(738573, '1762896', 14.660302)","(738573, '2209005', 14.591673)","(738573, '1625934', 14.576713)","(738573, '2325440', 14.505075)","(738573, '1991630', 14.255302)","(738573, '1448233', 14.200451)","(738573, '1612267', 13.929989)","(738573, '112890', 13.929989)","(738573, '1631481', 13.929989)","(738573, '624671', 13.929989)","(738573, '867024', 13.929989)","(738573, '580325', 13.929989)","(738573, '951338', 13.929989)"
"(125791, '125791', 23.516237)","(125791, '766977', 21.769108)","(125791, '925834', 20.231047)","(125791, '140099', 19.301582)","(125791, '2081847', 18.569273)","(125791, '846300', 18.20358)","(125791, '703323', 17.070955)","(125791, '1935160', 15.761099)","(125791, '1218924', 15.736055)","(125791, '1334040', 15.736055)","(125791, '727078', 15.736055)","(125791, '1809840', 15.0287895)","(125791, '765063', 14.864386)","(125791, '222252', 14.432573)","(125791, '945857', 13.94863)","(125791, '742615', 12.478684)","(125791, '1175373', 12.39686)","(125791, '1992343', 12.39686)","(125791, '1377447', 12.39686)","(125791, '1526842', 12.39686)"
"(294384, '832060', 22.643612)","(294384, '294384', 21.151293)","(294384, '415694', 20.015598)","(294384, '1096701', 19.950382)","(294384, '430971', 19.523666)","(294384, '461291', 18.487028)","(294384, '1533835', 17.599564)","(294384, '2224122', 17.054375)","(294384, '2244876', 16.560493)","(294384, '1855524', 14.988304)","(294384, '2252658', 14.817565)","(294384, '2187180', 14.817565)","(294384, '1600932', 14.614928)","(294384, '2325053', 14.578995)","(294384, '1252847', 14.5689945)","(294384, '1630942', 14.369056)","(294384, '2379048', 14.302259)","(294384, '755586', 14.29325)","(294384, '1822376', 14.232781)","(294384, '1829997', 14.232781)"
"(470620, '470620', 21.403906)","(470620, '2219161', 20.743584)","(470620, '1925820', 20.497665)","(470620, '1671503', 20.345415)","(470620, '815540', 19.826115)","(470620, '1876581', 19.826115)","(470620, '846533', 19.826115)","(470620, '1434592', 19.826115)","(470620, '1428792', 19.548103)","(470620, '1809505', 19.350636)","(470620, '573873', 19.350636)","(470620, '1764447', 19.350636)","(470620, '2237895', 19.350636)","(470620, '323867', 19.350636)","(470620, '1185407', 19.350636)","(470620, '1663618', 19.350636)","(470620, '586571', 19.350636)","(470620, '1714875', 19.041775)","(470620, '458571', 19.0309)","(470620, '354956', 19.0309)"
"(237831, '237831', 20.771767)","(237831, '1200546', 20.053972)","(237831, '2149564', 19.312489)","(237831, '818917', 17.989674)","(237831, '1750727', 17.622698)","(237831, '2167993', 17.496769)","(237831, '557965', 17.361458)","(237831, '1145063', 16.71465)","(237831, '2161109', 16.460163)","(237831, '1179996', 16.445827)","(237831, '717351', 16.004862)","(237831, '1944818', 15.96559)","(237831, '222079', 15.96559)","(237831, '2098236', 15.952329)","(237831, '1553762', 15.761118)","(237831, '1554624', 15.31039)","(237831, '634474', 15.31039)","(237831, '1696345', 15.293406)","(237831, '37032', 15.20327)","(237831, '124913', 15.150108)"
"(2161, '2161', 13.302193)","(2161, '723518', 11.9777775)","(2161, '92354', 11.9777775)","(2161, '2213346', 11.9777775)","(2161, '728767', 11.9777775)","(2161, '245926', 11.9777775)","(2161, '1469632', 11.116903)","(2161, '159238', 11.116903)","(2161, '916054', 11.116903)","(2161, '1528804', 11.116903)","(2161, '1125722', 11.116903)","(2161, '1625247', 11.116903)","(2161, '2419987', 11.116903)","(2161, '1257220', 10.181733)","(2161, '1427853', 9.945372)","(2161, '855572', 9.945372)","(2161, '2348965', 9.945372)","(2161, '169702', 9.719735)","(2161, '372286', 9.719735)","(2161, '639371', 9.719735)"
"(21145, '1557986', 10.301802)","(21145, '1242066', 10.116409)","(21145, '1035106', 10.116409)","(21145, '1893375', 9.996477)","(21145, '807020', 9.996477)","(21145, '1329982', 9.668969)","(21145, '42711', 9.668969)","(21145, '830706', 9.668969)","(21145, '544567', 9.668969)","(21145, '1249097', 9.668969)","(21145, '1516895', 9.668969)","(21145, '1236822', 9.533387)","(21145, '186680', 9.437084)","(21145, '833588', 9.437084)","(21145, '498882', 9.437084)","(21145, '1801324', 9.437084)","(21145, '684065', 9.437084)","(21145, '1556967', 9.437084)","(21145, '42699', 9.437084)","(21145, '574274', 9.437084)"
"(679227, '132041', 25.460052)","(679227, '109890', 24.539017)","(679227, '1522293', 24.290428)","(679227, '1265695', 23.685913)","(679227, '1613884', 23.337612)","(679227, '1778407', 23.329126)","(679227, '458180', 23.329126)","(679227, '1901343', 23.264357)","(679227, '1265873', 22.995346)","(679227, '2139127', 22.995346)","(679227, '1272298', 22.995346)","(679227, '1272164', 22.965881)","(679227, '1240052', 22.965881)","(679227, '1549073', 22.934532)","(679227, '1371336', 22.878334)","(679227, '1433479', 22.761683)","(679227, '1272300', 22.596165)","(679227, '1338743', 22.571285)","(679227, '397050', 22.506802)","(679227, '2028917', 22.388474)"
"(2136797, '2422061', 22.816397)","(2136797, '2211121', 20.71936)","(2136797, '2136797', 19.033749)","(2136797, '486228', 15.531465)","(2136797, '2108130', 15.531465)","(2136797, '2443748', 15.206011)","(2136797, '865902', 14.704952)","(2136797, '2422440', 14.704952)","(2136797, '2319375', 14.704952)","(2136797, '1498253', 14.415176)","(2136797, '1728468', 14.415176)","(2136797, '1548108', 12.603483)","(2136797, '1841968', 12.603483)","(2136797, '2397975', 12.603483)","(2136797, '246789', 12.603483)","(2136797, '2398980', 12.603483)","(2136797, '650795', 11.14872)","(2136797, '2435429', 11.14872)","(2136797, '98152', 11.056619)","(2136797, '1250916', 10.848837)"
"(5622, '714086', 13.042591)","(5622, '369820', 13.042591)","(5622, '1870178', 12.852136)","(5622, '365071', 12.852136)","(5622, '2116272', 12.852136)","(5622, '411758', 12.615287)","(5622, '361286', 12.615287)","(5622, '993971', 12.347198)","(5622, '301834', 12.312741)","(5622, '2111939', 12.312741)","(5622, '536315', 12.312741)","(5622, '354854', 12.312741)","(5622, '1980448', 12.312741)","(5622, '364401', 12.312741)","(5622, '383213', 12.312741)","(5622, '540972', 12.312741)","(5622, '570822', 12.312741)","(5622, '665508', 12.312741)","(5622, '568878', 12.312741)","(5622, '360779', 11.9127655)"
"(1313598, '1640999', 15.613783)","(1313598, '1313598', 15.53586)","(1313598, '2008517', 14.350463)","(1313598, '830231', 14.118839)","(1313598, '2359604', 13.9145355)","(1313598, '282689', 13.717721)","(1313598, '820373', 13.53562)","(1313598, '2313314', 13.466995)","(1313598, '764478', 13.452779)","(1313598, '2232532', 12.831379)","(1313598, '224688', 12.831093)","(1313598, '566063', 12.831093)","(1313598, '533560', 12.478195)","(1313598, '752997', 12.214702)","(1313598, '919776', 12.126852)","(1313598, '1754443', 12.126852)","(1313598, '2004130', 12.126852)","(1313598, '877307', 11.594116)","(1313598, '1129510', 11.594116)","(1313598, '1141767', 11.419822)"
"(712704, '2156586', 15.712452)","(712704, '498185', 15.206625)","(712704, '2066479', 14.56402)","(712704, '2004825', 14.56402)","(712704, '2278764', 14.347942)","(712704, '1696966', 14.236993)","(712704, '1283806', 14.090313)","(712704, '913062', 14.090313)","(712704, '409520', 14.090313)","(712704, '587740', 14.090313)","(712704, '895966', 14.090313)","(712704, '366791', 13.887331)","(712704, '2228208', 13.887331)","(712704, '861021', 13.887331)","(712704, '231588', 13.887331)","(712704, '589558', 13.887331)","(712704, '513731', 13.887331)","(712704, '845186', 13.887331)","(712704, '84615', 13.887331)","(712704, '712704', 13.887331)"
