"(158491, '1880296', 17.132378)","(158491, '2261272', 16.981)","(158491, '607552', 16.919212)","(158491, '625257', 16.701923)","(158491, '1957435', 16.695692)","(158491, '635537', 16.567877)","(158491, '663828', 16.392046)","(158491, '1774491', 16.352182)","(158491, '158491', 16.30711)","(158491, '1956922', 15.618095)","(158491, '1180246', 15.388653)","(158491, '1170039', 15.346355)","(158491, '589549', 15.305798)","(158491, '360918', 15.305798)","(158491, '945068', 15.255717)","(158491, '685181', 15.237276)","(158491, '2411344', 15.013994)","(158491, '1093529', 15.013994)","(158491, '1158969', 15.013994)","(158491, '742912', 14.931139)"
"(5728, '5728', 17.460386)","(5728, '1890681', 12.758071)","(5728, '283099', 12.758071)","(5728, '98452', 12.758071)","(5728, '592647', 9.580552)","(5728, '970793', 9.26486)","(5728, '375146', 9.26486)","(5728, '231269', 9.26486)","(5728, '911906', 9.26486)","(5728, '501880', 9.26486)","(5728, '1597007', 9.26486)","(5728, '645822', 9.26486)","(5728, '255972', 9.26486)","(5728, '849904', 9.26486)","(5728, '79940', 9.26486)","(5728, '2184293', 9.26486)","(5728, '1750830', 9.26486)","(5728, '2149047', 9.26486)","(5728, '1893219', 9.26486)","(5728, '1404651', 9.26486)"
"(13554, '13554', 19.07072)","(13554, '1354099', 18.313643)","(13554, '166298', 18.16145)","(13554, '2164978', 17.996471)","(13554, '1343180', 17.866098)","(13554, '1070', 17.508074)","(13554, '2164385', 17.364923)","(13554, '1354324', 17.226458)","(13554, '506304', 17.2018)","(13554, '1355975', 17.169682)","(13554, '2206256', 16.942835)","(13554, '2108477', 16.855616)","(13554, '1333624', 16.830143)","(13554, '1355603', 16.78966)","(13554, '1252378', 16.672256)","(13554, '1354456', 16.587856)","(13554, '265214', 16.389933)","(13554, '1604564', 16.273045)","(13554, '1231923', 16.206902)","(13554, '628944', 16.068747)"
"(32674, '1317839', 27.718288)","(32674, '1378846', 27.546192)","(32674, '834604', 25.861713)","(32674, '784701', 23.35809)","(32674, '1505849', 22.492855)","(32674, '671380', 22.492855)","(32674, '968448', 22.16618)","(32674, '961758', 21.886333)","(32674, '958943', 19.489235)","(32674, '1190958', 19.337843)","(32674, '1415478', 17.486635)","(32674, '910449', 17.486635)","(32674, '1205770', 16.334223)","(32674, '693088', 16.334223)","(32674, '1572828', 16.334223)","(32674, '1151820', 16.334223)","(32674, '870643', 16.334223)","(32674, '1560729', 16.334223)","(32674, '375161', 16.334223)","(32674, '1631', 16.334223)"
"(406391, '2186467', 22.254719)","(406391, '2328959', 20.771671)","(406391, '855680', 20.771671)","(406391, '1325717', 19.337234)","(406391, '40342', 17.213394)","(406391, '2264449', 17.170744)","(406391, '2002272', 16.604946)","(406391, '1789451', 16.604946)","(406391, '1248550', 16.604946)","(406391, '2382229', 16.604946)","(406391, '1712644', 16.604946)","(406391, '2244630', 16.604946)","(406391, '1931448', 16.604946)","(406391, '1828795', 16.604946)","(406391, '1512849', 16.604946)","(406391, '1085516', 14.739048)","(406391, '1310511', 14.739048)","(406391, '2178317', 14.739048)","(406391, '1314997', 14.119608)","(406391, '1808681', 14.024332)"
"(5115, '5115', 24.459782)","(5115, '1384004', 23.731207)","(5115, '897966', 19.346899)","(5115, '481955', 16.61871)","(5115, '2270937', 15.944337)","(5115, '546166', 15.292069)","(5115, '1595283', 10.754413)","(5115, '2335644', 7.0335994)","(5115, '419556', 6.9198256)","(5115, '340342', 6.847747)","(5115, '1157462', 6.8250375)","(5115, '242015', 6.801216)","(5115, '2284732', 6.7998333)","(5115, '585361', 6.771701)","(5115, '88156', 6.740097)","(5115, '1791780', 6.704338)","(5115, '737575', 6.704338)","(5115, '364605', 6.704338)","(5115, '25295', 6.704338)","(5115, '187282', 6.704338)"
"(15469, '2392139', 18.589108)","(15469, '15469', 18.521292)","(15469, '1334817', 18.4809)","(15469, '2149594', 18.098143)","(15469, '975904', 17.969435)","(15469, '2316444', 17.937902)","(15469, '1234860', 17.746153)","(15469, '2102316', 17.628908)","(15469, '2069564', 17.628908)","(15469, '2413345', 17.628908)","(15469, '939854', 17.592123)","(15469, '771772', 17.518824)","(15469, '544571', 17.438839)","(15469, '1533382', 17.40789)","(15469, '841064', 17.269516)","(15469, '1234855', 16.940079)","(15469, '1950839', 16.89187)","(15469, '1260341', 16.89187)","(15469, '1078649', 16.822834)","(15469, '2365922', 16.788166)"
"(62953, '62953', 20.812971)","(62953, '252433', 19.967098)","(62953, '62956', 17.951279)","(62953, '1366881', 15.899998)","(62953, '210440', 15.899998)","(62953, '1193752', 14.668727)","(62953, '62992', 13.930961)","(62953, '1256265', 13.614447)","(62953, '1144451', 13.614447)","(62953, '1354574', 13.614447)","(62953, '289330', 13.316862)","(62953, '524047', 12.435974)","(62953, '1013750', 11.903389)","(62953, '1144930', 11.903389)","(62953, '1576707', 11.903389)","(62953, '756070', 11.903389)","(62953, '1184060', 11.903389)","(62953, '956952', 11.903389)","(62953, '2090336', 11.39777)","(62953, '1335', 11.39777)"
"(152444, '242736', 25.289124)","(152444, '152444', 25.289124)","(152444, '1120216', 24.727291)","(152444, '247573', 23.596125)","(152444, '128064', 22.070164)","(152444, '1150937', 20.36021)","(152444, '1225505', 20.36021)","(152444, '289563', 19.015131)","(152444, '376703', 17.135412)","(152444, '569398', 17.135412)","(152444, '279748', 17.135412)","(152444, '2124613', 17.135412)","(152444, '630058', 17.135412)","(152444, '590437', 17.135412)","(152444, '192182', 17.135412)","(152444, '2251234', 17.135412)","(152444, '1647163', 17.135412)","(152444, '1417315', 15.947528)","(152444, '1753570', 15.947528)","(152444, '1120072', 15.78643)"
"(104086, '104086', 16.286755)","(104086, '1531009', 14.394924)","(104086, '1464230', 14.394924)","(104086, '1282288', 13.360322)","(104086, '453448', 13.360322)","(104086, '410882', 13.360322)","(104086, '1800147', 13.360322)","(104086, '1548144', 13.360322)","(104086, '1196712', 12.534323)","(104086, '2283603', 11.681202)","(104086, '1735721', 11.681202)","(104086, '1648450', 11.681202)","(104086, '1047983', 11.681202)","(104086, '410883', 11.681202)","(104086, '410658', 11.681202)","(104086, '2137798', 11.681202)","(104086, '1882766', 11.681202)","(104086, '1547597', 11.681202)","(104086, '1327711', 11.681202)","(104086, '1439799', 11.681202)"
"(145194, '2341007', 17.05872)","(145194, '926875', 16.108751)","(145194, '145194', 16.108751)","(145194, '1836539', 16.108751)","(145194, '1089847', 15.360291)","(145194, '1916175', 15.360291)","(145194, '1400670', 15.360291)","(145194, '839437', 12.464579)","(145194, '1988207', 12.464579)","(145194, '565665', 12.464579)","(145194, '1977659', 12.464579)","(145194, '1368314', 12.464579)","(145194, '1260423', 12.464579)","(145194, '1585454', 12.464579)","(145194, '1902882', 10.231748)","(145194, '1832016', 10.0446825)","(145194, '436568', 9.690346)","(145194, '2353524', 9.690346)","(145194, '2417601', 9.690346)","(145194, '2137412', 9.690346)"
"(73752, '1004183', 14.946261)","(73752, '2392274', 14.891971)","(73752, '333685', 13.814016)","(73752, '2318908', 13.631472)","(73752, '508040', 13.33543)","(73752, '1603229', 13.089869)","(73752, '2208695', 12.827574)","(73752, '1376846', 12.827574)","(73752, '943266', 12.626118)","(73752, '1783883', 12.626118)","(73752, '1875660', 12.626118)","(73752, '1815826', 12.228681)","(73752, '225825', 11.985959)","(73752, '570134', 11.981819)","(73752, '703816', 11.981819)","(73752, '269878', 11.873467)","(73752, '1794610', 11.873467)","(73752, '1769992', 11.873467)","(73752, '2357041', 11.814104)","(73752, '1290014', 11.814104)"
"(1368508, '1368508', 15.363119)","(1368508, '1122285', 14.4193735)","(1368508, '458039', 12.827204)","(1368508, '395325', 12.262688)","(1368508, '1056618', 12.050552)","(1368508, '918895', 12.050552)","(1368508, '1192490', 12.050552)","(1368508, '471631', 12.050552)","(1368508, '1965008', 12.050552)","(1368508, '1197492', 12.050552)","(1368508, '71915', 12.050552)","(1368508, '165829', 12.050552)","(1368508, '863780', 12.050552)","(1368508, '1919569', 12.050552)","(1368508, '97371', 11.30553)","(1368508, '470968', 10.780631)","(1368508, '684519', 10.536044)","(1368508, '370186', 10.536044)","(1368508, '369736', 10.536044)","(1368508, '1930068', 10.536044)"
"(11534, '1981252', 16.312931)","(11534, '1401323', 15.62829)","(11534, '1191113', 15.62829)","(11534, '484328', 15.12061)","(11534, '1855299', 14.41806)","(11534, '11534', 14.41806)","(11534, '1448790', 14.41806)","(11534, '1173607', 13.381796)","(11534, '103436', 11.699978)","(11534, '1587853', 11.699978)","(11534, '250744', 11.699978)","(11534, '1065282', 11.699978)","(11534, '366304', 11.699978)","(11534, '1389683', 11.699978)","(11534, '2142031', 11.699978)","(11534, '1065201', 11.699978)","(11534, '2136745', 11.699978)","(11534, '830759', 11.699978)","(11534, '1015758', 11.699978)","(11534, '1477071', 11.699978)"

"(25174, '1607914', 12.86943)","(25174, '1585379', 12.59203)","(25174, '1586750', 12.507061)","(25174, '1587324', 12.408154)","(25174, '1423627', 12.288502)","(25174, '58760', 12.179486)","(25174, '28719', 12.179486)","(25174, '1111437', 12.0087)","(25174, '1150496', 11.501234)","(25174, '25174', 11.501234)","(25174, '1799168', 11.501234)","(25174, '2136622', 10.966852)","(25174, '698538', 10.966852)","(25174, '1779951', 10.966852)","(25174, '346140', 10.966852)","(25174, '1266248', 10.735797)","(25174, '1590488', 10.357817)","(25174, '1588691', 10.178635)","(25174, '1974743', 10.178635)","(25174, '2133267', 10.178635)"
"(265104, '492119', 15.012321)","(265104, '1926522', 15.012321)","(265104, '265104', 15.012321)","(265104, '2400759', 15.012321)","(265104, '2124794', 14.524651)","(265104, '1908247', 14.046144)","(265104, '2029779', 13.849791)","(265104, '412728', 13.849791)","(265104, '2332028', 13.849791)","(265104, '449885', 13.849791)","(265104, '1652972', 13.849791)","(265104, '1311119', 12.854369)","(265104, '933570', 12.854369)","(265104, '2012802', 12.360561)","(265104, '1069600', 12.05965)","(265104, '1741206', 11.773041)","(265104, '1013750', 11.238837)","(265104, '995347', 11.238837)","(265104, '2350161', 11.238837)","(265104, '1794157', 11.238837)"
"(139082, '2086664', 18.101482)","(139082, '811190', 17.352243)","(139082, '139082', 16.915327)","(139082, '2225931', 16.777689)","(139082, '1416592', 15.703693)","(139082, '1442070', 15.561584)","(139082, '2190431', 14.872347)","(139082, '2015380', 14.872347)","(139082, '1228604', 14.872347)","(139082, '580534', 13.59231)","(139082, '2232350', 12.999912)","(139082, '1533384', 12.54413)","(139082, '2046771', 12.528275)","(139082, '899391', 12.449505)","(139082, '1448302', 12.366592)","(139082, '1118190', 12.3488865)","(139082, '379093', 12.215866)","(139082, '1155642', 12.215866)","(139082, '2428239', 12.215866)","(139082, '2036034', 12.031786)"
"(37743, '1385344', 14.959413)","(37743, '37743', 14.959413)","(37743, '1332929', 13.07932)","(37743, '1286642', 13.07932)","(37743, '124560', 9.821791)","(37743, '1504917', 9.821791)","(37743, '797625', 9.49815)","(37743, '2335851', 9.49815)","(37743, '359533', 9.49815)","(37743, '475352', 9.49815)","(37743, '1441597', 9.49815)","(37743, '1966482', 9.49815)","(37743, '2261590', 9.49815)","(37743, '1466087', 9.49815)","(37743, '1790529', 9.49815)","(37743, '1434142', 9.49815)","(37743, '1658870', 9.49815)","(37743, '2348223', 9.49815)","(37743, '1278740', 9.49815)","(37743, '71143', 9.49815)"
"(207224, '719047', 27.171843)","(207224, '2275565', 27.10646)","(207224, '207224', 26.870127)","(207224, '1579791', 26.56912)","(207224, '2264779', 26.495182)","(207224, '1132700', 25.788294)","(207224, '1476355', 25.588932)","(207224, '1762471', 25.563025)","(207224, '411230', 25.279173)","(207224, '1386690', 25.23498)","(207224, '1986030', 25.2141)","(207224, '2021965', 24.970833)","(207224, '2021971', 24.764221)","(207224, '1282770', 24.751137)","(207224, '364586', 24.66315)","(207224, '997372', 24.287867)","(207224, '1768198', 24.21035)","(207224, '1897859', 24.037527)","(207224, '690240', 24.000479)","(207224, '1785754', 23.857973)"
"(1313611, '4397', 15.048753)","(1313611, '206592', 13.883401)","(1313611, '25238', 13.883401)","(1313611, '1313611', 13.883401)","(1313611, '665971', 13.883401)","(1313611, '1060264', 12.885564)","(1313611, '1037865', 12.885564)","(1313611, '331039', 12.885564)","(1313611, '2428055', 11.266111)","(1313611, '36229', 11.266111)","(1313611, '1166122', 11.266111)","(1313611, '1939753', 11.266111)","(1313611, '2364599', 11.266111)","(1313611, '576624', 11.266111)","(1313611, '1988889', 11.266111)","(1313611, '1029512', 11.266111)","(1313611, '2018023', 9.078888)","(1313611, '1909291', 8.75862)","(1313611, '2159172', 8.75862)","(1313611, '834076', 8.75862)"
"(641464, '821616', 23.314646)","(641464, '1377532', 21.998955)","(641464, '87860', 20.940542)","(641464, '1599970', 19.609726)","(641464, '427924', 19.1331)","(641464, '700592', 18.749107)","(641464, '911689', 18.749107)","(641464, '455826', 18.749107)","(641464, '1810381', 18.279652)","(641464, '641464', 18.279652)","(641464, '850209', 18.279652)","(641464, '506062', 18.279652)","(641464, '455077', 17.587202)","(641464, '715110', 17.587202)","(641464, '625698', 17.587202)","(641464, '2066896', 17.563833)","(641464, '2039022', 17.563833)","(641464, '41402', 15.924506)","(641464, '2080513', 15.45505)","(641464, '844720', 14.661852)"
"(75295, '75295', 24.011703)","(75295, '364279', 23.591402)","(75295, '241786', 20.705572)","(75295, '458105', 18.503452)","(75295, '81837', 18.175638)","(75295, '521342', 17.742418)","(75295, '1031295', 17.288034)","(75295, '420553', 16.516167)","(75295, '1071874', 16.37722)","(75295, '1104062', 16.32764)","(75295, '2100615', 16.239807)","(75295, '345821', 15.806587)","(75295, '1017094', 15.806587)","(75295, '971307', 15.551321)","(75295, '472853', 15.551321)","(75295, '898780', 15.551321)","(75295, '986624', 15.551321)","(75295, '540204', 15.551321)","(75295, '342835', 15.551321)","(75295, '333894', 15.335599)"
"(2591, '2591', 14.538797)","(2591, '892874', 14.061747)","(2591, '1105314', 13.926929)","(2591, '605908', 13.805073)","(2591, '1694021', 13.75587)","(2591, '1784234', 13.449879)","(2591, '572710', 13.449879)","(2591, '561734', 13.246595)","(2591, '975714', 13.153509)","(2591, '1066903', 13.030836)","(2591, '436662', 13.030836)","(2591, '892651', 12.925963)","(2591, '2078706', 12.925963)","(2591, '1437418', 12.925963)","(2591, '2264589', 12.844893)","(2591, '2016001', 12.675642)","(2591, '582159', 12.675642)","(2591, '2016023', 12.675642)","(2591, '2424654', 12.675642)","(2591, '2038585', 12.675642)"
"(107590, '1441161', 18.369555)","(107590, '443002', 18.258717)","(107590, '107590', 18.258717)","(107590, '1736536', 17.665588)","(107590, '906264', 17.665588)","(107590, '2067143', 17.1941)","(107590, '1839207', 17.04757)","(107590, '817179', 17.04757)","(107590, '1307698', 16.844791)","(107590, '1426746', 16.844791)","(107590, '1797920', 16.844791)","(107590, '204379', 16.844791)","(107590, '2123567', 16.796364)","(107590, '474634', 16.489895)","(107590, '2057417', 16.474781)","(107590, '1748413', 15.933208)","(107590, '1306913', 15.909328)","(107590, '1465552', 15.909328)","(107590, '1966688', 15.63411)","(107590, '1251990', 15.63411)"
"(362197, '362197', 28.400486)","(362197, '1504613', 25.709362)","(362197, '1935390', 25.372913)","(362197, '1779786', 24.944199)","(362197, '394283', 22.954582)","(362197, '859831', 22.358044)","(362197, '2279898', 21.66203)","(362197, '466736', 20.868366)","(362197, '1903081', 20.647457)","(362197, '2071128', 20.647457)","(362197, '1819934', 19.8413)","(362197, '2183597', 19.699528)","(362197, '417420', 19.699528)","(362197, '736258', 19.572123)","(362197, '758692', 19.27738)","(362197, '2315390', 19.15364)","(362197, '764478', 18.656902)","(362197, '2318002', 18.34849)","(362197, '1807126', 17.9725)","(362197, '1463296', 17.948967)"
"(13540, '2118484', 10.44697)","(13540, '2087558', 10.44697)","(13540, '2079516', 10.281738)","(13540, '2351243', 10.281738)","(13540, '13540', 10.092258)","(13540, '1163148', 10.02512)","(13540, '76033', 9.900343)","(13540, '1375318', 9.759155)","(13540, '983473', 9.759155)","(13540, '366979', 9.749136)","(13540, '2021387', 9.740955)","(13540, '11448', 9.650884)","(13540, '1047639', 9.639505)","(13540, '1209770', 9.639505)","(13540, '159999', 9.589749)","(13540, '2301152', 9.530239)","(13540, '1896606', 9.530239)","(13540, '1096578', 9.530239)","(13540, '482039', 9.530239)","(13540, '341506', 9.530239)"
"(25406, '25406', 20.849506)","(25406, '19827', 18.951317)","(25406, '1157500', 18.579256)","(25406, '91920', 17.306545)","(25406, '1033952', 15.979904)","(25406, '1456119', 15.27204)","(25406, '403033', 14.78753)","(25406, '152530', 14.729792)","(25406, '18591', 14.519442)","(25406, '133762', 14.100456)","(25406, '183599', 13.499239)","(25406, '28504', 13.499239)","(25406, '675044', 13.235443)","(25406, '31498', 13.087019)","(25406, '437417', 13.087019)","(25406, '5441', 13.087019)","(25406, '934092', 12.8469715)","(25406, '374116', 11.604544)","(25406, '1543029', 11.604544)","(25406, '99336', 11.604544)"
"(128282, '128282', 24.184046)","(128282, '2008539', 20.53262)","(128282, '2444569', 18.14059)","(128282, '104267', 16.274832)","(128282, '2430187', 15.994963)","(128282, '114212', 14.615661)","(128282, '412615', 13.963393)","(128282, '1023131', 13.963393)","(128282, '519919', 12.979603)","(128282, '1015024', 12.979603)","(128282, '408790', 12.979603)","(128282, '2421401', 12.979603)","(128282, '2426338', 12.720964)","(128282, '804139', 12.720964)","(128282, '1888318', 12.720964)","(128282, '1077589', 9.425736)","(128282, '1243424', 9.425736)","(128282, '97527', 9.425736)","(128282, '1173422', 9.425736)","(128282, '705158', 9.425736)"
"(267973, '267973', 23.272131)","(267973, '478850', 21.808943)","(267973, '2085235', 16.698677)","(267973, '674843', 16.698677)","(267973, '582099', 14.742687)","(267973, '814532', 14.003672)","(267973, '681709', 12.864415)","(267973, '240609', 12.864415)","(267973, '842668', 12.864415)","(267973, '1037144', 12.864415)","(267973, '1071377', 12.864415)","(267973, '2220887', 10.169411)","(267973, '1617486', 10.169411)","(267973, '2378918', 5.5818605)","(267973, '1457261', 5.5382395)","(267973, '1426848', 5.5372725)","(267973, '1441919', 5.512392)","(267973, '1426878', 5.512392)","(267973, '1768098', 5.512392)","(267973, '157511', 5.4831467)"
"(116217, '116217', 19.603306)","(116217, '450625', 18.868198)","(116217, '1427537', 18.583923)","(116217, '602740', 18.501545)","(116217, '639848', 18.079159)","(116217, '645116', 17.552475)","(116217, '376695', 17.552475)","(116217, '1065029', 17.306576)","(116217, '1369222', 17.289303)","(116217, '302391', 17.238525)","(116217, '21341', 17.124186)","(116217, '232550', 17.014496)","(116217, '547584', 16.898155)","(116217, '459547', 16.898155)","(116217, '529291', 16.810236)","(116217, '634163', 16.810236)","(116217, '1927588', 16.810236)","(116217, '1447129', 16.744347)","(116217, '481952', 16.539972)","(116217, '155598', 16.531502)"
"(16130, '998264', 18.95992)","(16130, '2005896', 17.969193)","(16130, '350854', 17.969193)","(16130, '289186', 16.361275)","(16130, '610420', 16.361275)","(16130, '581916', 16.361275)","(16130, '1818214', 15.317457)","(16130, '549650', 14.456189)","(16130, '945258', 14.236781)","(16130, '1529629', 13.7516775)","(16130, '463153', 13.7516775)","(16130, '596738', 13.298541)","(16130, '164285', 13.298541)","(16130, '592338', 13.298541)","(16130, '2405900', 13.298541)","(16130, '1254203', 13.298541)","(16130, '148130', 13.298541)","(16130, '1076881', 13.298541)","(16130, '2145933', 13.298541)","(16130, '2213129', 13.298541)"
"(471746, '471746', 32.406815)","(471746, '1542354', 25.181465)","(471746, '2324603', 21.899101)","(471746, '1513327', 21.177498)","(471746, '2448630', 21.177498)","(471746, '1500648', 21.177498)","(471746, '1739141', 19.959663)","(471746, '23500', 19.080994)","(471746, '985694', 19.080994)","(471746, '1160715', 18.811722)","(471746, '1542360', 18.169891)","(471746, '1552578', 18.064415)","(471746, '1293152', 18.064415)","(471746, '419018', 18.064415)","(471746, '1097663', 18.064415)","(471746, '412024', 18.064415)","(471746, '2407145', 18.064415)","(471746, '41362', 17.828789)","(471746, '2322013', 17.50574)","(471746, '1615716', 16.697618)"
"(113000, '113000', 17.029438)","(113000, '1923335', 16.639338)","(113000, '1832124', 16.14618)","(113000, '225253', 16.14618)","(113000, '525590', 15.910404)","(113000, '656979', 14.747503)","(113000, '706466', 14.466754)","(113000, '1195536', 14.062288)","(113000, '363054', 14.062288)","(113000, '418993', 14.062288)","(113000, '1813742', 14.062288)","(113000, '551422', 14.062288)","(113000, '254375', 13.051594)","(113000, '191318', 13.051594)","(113000, '267253', 13.051594)","(113000, '781454', 13.051594)","(113000, '2164982', 11.67618)","(113000, '1932091', 11.67618)","(113000, '383380', 11.411276)","(113000, '789077', 11.411276)"
"(87860, '2042194', 11.305816)","(87860, '87860', 11.194837)","(87860, '2222036', 10.987474)","(87860, '580397', 10.900583)","(87860, '475752', 10.900583)","(87860, '259222', 10.900583)","(87860, '22478', 10.900583)","(87860, '926785', 10.699699)","(87860, '2104922', 10.699699)","(87860, '1338265', 10.699699)","(87860, '1034656', 10.699699)","(87860, '930681', 10.699699)","(87860, '2167567', 10.536358)","(87860, '2184544', 10.443094)","(87860, '1761948', 10.443094)","(87860, '2055006', 10.443094)","(87860, '1661477', 10.443094)","(87860, '2099882', 10.443094)","(87860, '481315', 10.443094)","(87860, '2038118', 10.443094)"
"(25983, '845675', 21.440044)","(25983, '25983', 20.4626)","(25983, '121767', 20.112621)","(25983, '1376620', 19.180632)","(25983, '1753001', 19.009651)","(25983, '1955906', 18.745468)","(25983, '768117', 18.745468)","(25983, '168668', 18.745468)","(25983, '277998', 18.745468)","(25983, '1895032', 18.745468)","(25983, '2355672', 18.745468)","(25983, '587284', 18.745468)","(25983, '2089283', 18.745468)","(25983, '846099', 18.065228)","(25983, '1234487', 18.065228)","(25983, '1377694', 16.979998)","(25983, '1290142', 16.532467)","(25983, '1301081', 16.532467)","(25983, '654454', 16.532467)","(25983, '1146947', 16.532467)"
"(11919, '860561', 19.245237)","(11919, '2080597', 19.064266)","(11919, '2226093', 18.659283)","(11919, '304836', 18.659283)","(11919, '458377', 18.659283)","(11919, '1587481', 18.476122)","(11919, '2350168', 18.40306)","(11919, '204262', 18.257084)","(11919, '1701607', 18.203545)","(11919, '1702723', 18.168158)","(11919, '1493030', 17.738632)","(11919, '930740', 17.65894)","(11919, '2218603', 17.65894)","(11919, '1107901', 17.517677)","(11919, '1203539', 17.517677)","(11919, '1689428', 17.517677)","(11919, '885597', 17.3767)","(11919, '620318', 17.293438)","(11919, '1350511', 17.235435)","(11919, '219030', 17.235435)"
"(22343, '1130591', 24.854704)","(22343, '1675763', 21.815765)","(22343, '1734241', 21.815765)","(22343, '978858', 21.773327)","(22343, '975485', 21.773327)","(22343, '475794', 21.44947)","(22343, '2384921', 21.127789)","(22343, '351199', 20.965216)","(22343, '726364', 20.965216)","(22343, '768207', 20.295082)","(22343, '444952', 20.169111)","(22343, '748133', 19.306631)","(22343, '758326', 19.306631)","(22343, '878346', 19.306631)","(22343, '765147', 18.408424)","(22343, '344222', 18.256092)","(22343, '1549907', 18.184412)","(22343, '758155', 17.702415)","(22343, '386709', 17.702415)","(22343, '369524', 17.702415)"
"(81083, '216846', 28.080147)","(81083, '81083', 24.782597)","(81083, '2387643', 24.71014)","(81083, '872041', 23.570833)","(81083, '1261042', 22.842634)","(81083, '967518', 22.842033)","(81083, '335521', 19.892517)","(81083, '2119831', 19.412447)","(81083, '1974912', 19.165941)","(81083, '809654', 19.165691)","(81083, '819515', 16.271408)","(81083, '2116087', 16.269388)","(81083, '720549', 15.736975)","(81083, '819420', 15.736531)","(81083, '681618', 15.736531)","(81083, '2050540', 15.73597)","(81083, '2437899', 15.7336)","(81083, '1061887', 13.450532)","(81083, '2285196', 13.447936)","(81083, '221442', 12.152372)"
"(172877, '601814', 17.140808)","(172877, '331292', 14.287885)","(172877, '602620', 14.143068)","(172877, '454833', 13.401476)","(172877, '480131', 13.356992)","(172877, '1571476', 13.155882)","(172877, '602053', 12.846151)","(172877, '726168', 12.846151)","(172877, '309161', 12.846151)","(172877, '799516', 12.765967)","(172877, '802729', 12.574439)","(172877, '367711', 12.493308)","(172877, '843593', 12.428234)","(172877, '970808', 12.347725)","(172877, '632012', 12.347725)","(172877, '2205730', 12.347725)","(172877, '2356968', 12.051597)","(172877, '2387224', 12.051597)","(172877, '1671472', 12.051597)","(172877, '1608281', 12.051597)"
"(7169, '7078', 24.687954)","(7169, '7169', 23.8315)","(7169, '10038', 20.40583)","(7169, '2082603', 17.193043)","(7169, '1819379', 17.193043)","(7169, '283713', 15.871131)","(7169, '1821564', 15.761218)","(7169, '505235', 15.252828)","(7169, '73983', 15.252828)","(7169, '134233', 14.198661)","(7169, '2415472', 13.303576)","(7169, '128516', 12.956232)","(7169, '1139195', 9.990194)","(7169, '161354', 9.990194)","(7169, '2166928', 9.661004)","(7169, '128523', 9.661004)","(7169, '138753', 9.661004)","(7169, '75596', 9.661004)","(7169, '1328821', 9.661004)","(7169, '1183351', 9.661004)"
"(13690, '1900805', 16.7207)","(13690, '1502365', 16.544981)","(13690, '1121532', 15.980206)","(13690, '645450', 15.734566)","(13690, '2062276', 15.36001)","(13690, '13690', 15.000222)","(13690, '2166599', 14.997631)","(13690, '1356524', 14.3917)","(13690, '1942564', 14.081444)","(13690, '1032490', 14.075133)","(13690, '2075501', 13.730789)","(13690, '1960848', 13.567476)","(13690, '1627034', 13.56647)","(13690, '1192420', 13.563552)","(13690, '1021425', 13.455163)","(13690, '1126365', 12.916559)","(13690, '1043086', 12.897133)","(13690, '335604', 12.896374)","(13690, '281408', 12.87704)","(13690, '649887', 12.875792)"
"(8140, '8140', 20.741856)","(8140, '1426551', 19.932621)","(8140, '94256', 17.552483)","(8140, '1118476', 16.918022)","(8140, '73864', 16.918022)","(8140, '694773', 13.793524)","(8140, '692822', 13.793524)","(8140, '1418176', 13.793524)","(8140, '620999', 13.793524)","(8140, '771711', 13.793524)","(8140, '708970', 13.793524)","(8140, '1113226', 13.793524)","(8140, '830373', 13.793524)","(8140, '1383258', 13.728648)","(8140, '1118479', 13.728648)","(8140, '2151322', 9.96969)","(8140, '468703', 7.61455)","(8140, '1032777', 7.539805)","(8140, '1032799', 7.4504194)","(8140, '490689', 7.4504194)"
"(206019, '498419', 15.4658165)","(206019, '1334440', 14.975642)","(206019, '942063', 14.707014)","(206019, '1347278', 14.696836)","(206019, '1328726', 14.225017)","(206019, '1529391', 14.225017)","(206019, '1825388', 14.225017)","(206019, '1135926', 14.225017)","(206019, '1164436', 14.131971)","(206019, '1665883', 14.116741)","(206019, '142326', 13.853277)","(206019, '571708', 13.853277)","(206019, '1270785', 13.853277)","(206019, '2199706', 13.71138)","(206019, '1838033', 13.71138)","(206019, '1397010', 13.54911)","(206019, '1214622', 13.442752)","(206019, '1009208', 13.442752)","(206019, '206019', 13.442752)","(206019, '247969', 13.442752)"
"(104453, '615389', 15.54156)","(104453, '480001', 15.116943)","(104453, '104453', 14.860516)","(104453, '1900683', 13.809305)","(104453, '1895884', 13.352445)","(104453, '2362111', 12.644537)","(104453, '1877915', 12.6153555)","(104453, '640355', 12.446436)","(104453, '757440', 12.440483)","(104453, '2191016', 12.332219)","(104453, '180299', 12.326936)","(104453, '1446187', 12.228181)","(104453, '694802', 12.079814)","(104453, '1661708', 12.009844)","(104453, '185486', 11.94183)","(104453, '915652', 11.903087)","(104453, '1288387', 11.841399)","(104453, '699468', 11.69147)","(104453, '1599676', 11.601153)","(104453, '2380674', 11.569904)"
"(73673, '279724', 14.457543)","(73673, '1864073', 13.563708)","(73673, '647655', 12.640526)","(73673, '1058253', 12.640526)","(73673, '1610881', 12.640526)","(73673, '529546', 12.640526)","(73673, '160275', 12.640526)","(73673, '2152537', 12.640526)","(73673, '420544', 10.186471)","(73673, '1961054', 9.1795)","(73673, '2351984', 9.1795)","(73673, '996800', 9.1795)","(73673, '784251', 9.1795)","(73673, '1095164', 9.1795)","(73673, '1605097', 9.1795)","(73673, '149453', 9.1795)","(73673, '775433', 9.1795)","(73673, '1133047', 9.1795)","(73673, '238490', 9.1795)","(73673, '972508', 9.1795)"
"(996687, '996687', 25.312115)","(996687, '2053858', 23.145767)","(996687, '392691', 21.374678)","(996687, '677692', 20.048767)","(996687, '1255489', 19.340422)","(996687, '679340', 18.383724)","(996687, '666809', 18.239834)","(996687, '243964', 16.162746)","(996687, '274952', 16.162746)","(996687, '666813', 16.162746)","(996687, '294089', 16.162746)","(996687, '290032', 16.096954)","(996687, '649454', 16.096954)","(996687, '1509164', 14.033815)","(996687, '1465325', 13.9834)","(996687, '1901785', 13.686352)","(996687, '1577018', 13.686352)","(996687, '1834069', 13.5713825)","(996687, '341993', 13.5713825)","(996687, '887629', 13.5713825)"
"(121384, '1062953', 16.3942)","(121384, '491690', 16.3942)","(121384, '706385', 13.303576)","(121384, '2026978', 10.920453)","(121384, '786719', 9.661004)","(121384, '411145', 9.661004)","(121384, '121384', 9.661004)","(121384, '358356', 9.661004)","(121384, '1858222', 9.661004)","(121384, '1611688', 9.661004)","(121384, '1129724', 9.661004)","(121384, '258785', 9.661004)","(121384, '245123', 9.661004)","(121384, '1597973', 9.661004)","(121384, '264081', 9.661004)","(121384, '925826', 9.661004)","(121384, '868257', 9.661004)","(121384, '948116', 9.661004)","(121384, '1704342', 9.661004)","(121384, '1790226', 9.661004)"
"(87686, '1157199', 15.732185)","(87686, '2058032', 15.22113)","(87686, '2058748', 14.513909)","(87686, '87686', 14.513909)","(87686, '976192', 14.513909)","(87686, '1374014', 14.513909)","(87686, '966769', 14.513909)","(87686, '503404', 13.470757)","(87686, '118884', 13.470757)","(87686, '75013', 13.470757)","(87686, '67554', 11.777758)","(87686, '364455', 11.777758)","(87686, '1055264', 11.777758)","(87686, '2213553', 11.777758)","(87686, '1615040', 11.777758)","(87686, '1008719', 11.777758)","(87686, '1817445', 11.777758)","(87686, '529269', 11.777758)","(87686, '2360876', 9.491202)","(87686, '1622162', 9.491202)"
"(410859, '410859', 18.465689)","(410859, '2193366', 15.414398)","(410859, '2218906', 13.24398)","(410859, '1248605', 13.24398)","(410859, '2390175', 10.67277)","(410859, '692721', 10.296276)","(410859, '1966054', 9.945441)","(410859, '790751', 9.945441)","(410859, '2233467', 9.617725)","(410859, '790685', 9.617725)","(410859, '691699', 9.617725)","(410859, '2211780', 9.617725)","(410859, '1403393', 9.617725)","(410859, '2205018', 9.617725)","(410859, '1553828', 9.617725)","(410859, '2235789', 9.617725)","(410859, '792598', 9.617725)","(410859, '617295', 9.617725)","(410859, '470850', 9.617725)","(410859, '499876', 9.617725)"
"(108909, '108909', 21.687252)","(108909, '1076780', 17.048939)","(108909, '852957', 16.160995)","(108909, '575162', 15.48273)","(108909, '1779265', 15.48273)","(108909, '1424615', 15.382785)","(108909, '485246', 14.979778)","(108909, '510037', 14.34458)","(108909, '1450812', 14.34458)","(108909, '2281021', 14.2837715)","(108909, '1991302', 13.779343)","(108909, '238020', 13.60668)","(108909, '2141042', 13.257158)","(108909, '113565', 12.754172)","(108909, '1965133', 12.754172)","(108909, '2344470', 12.583959)","(108909, '2048017', 12.209122)","(108909, '926237', 11.591004)","(108909, '2019937', 11.591004)","(108909, '134057', 11.591004)"
"(92044, '92044', 16.724794)","(92044, '412323', 10.55117)","(92044, '852657', 10.191649)","(92044, '229323', 9.855822)","(92044, '1144486', 9.855822)","(92044, '426583', 9.855822)","(92044, '294135', 9.855822)","(92044, '848076', 9.855822)","(92044, '813814', 9.855822)","(92044, '1319887', 9.855822)","(92044, '217783', 9.855822)","(92044, '1371580', 9.855822)","(92044, '1721593', 9.855822)","(92044, '920018', 9.855822)","(92044, '343413', 9.855822)","(92044, '633169', 9.855822)","(92044, '1272986', 9.855822)","(92044, '1967213', 9.855822)"
"(371437, '371437', 20.074274)","(371437, '336506', 19.161705)","(371437, '1992216', 18.631481)","(371437, '199552', 17.77095)","(371437, '1097635', 17.77095)","(371437, '1072365', 16.289885)","(371437, '1524117', 16.13576)","(371437, '1416899', 16.131823)","(371437, '719829', 16.131823)","(371437, '1125372', 16.131823)","(371437, '565706', 14.650758)","(371437, '1095695', 14.650758)","(371437, '911609', 14.3293085)","(371437, '1267694', 14.3293085)","(371437, '1077262', 14.281217)","(371437, '822526', 14.06651)","(371437, '1641783', 14.028002)","(371437, '1121124', 13.734001)","(371437, '2291611', 13.7253)","(371437, '253110', 13.615347)"
"(151303, '350094', 11.897821)","(151303, '151303', 11.781032)","(151303, '2147494', 11.641365)","(151303, '575152', 11.641365)","(151303, '125842', 11.641365)","(151303, '375408', 11.471371)","(151303, '1258999', 11.360752)","(151303, '1789042', 11.259967)","(151303, '1258938', 11.259967)","(151303, '1054325', 10.989926)","(151303, '955410', 10.989926)","(151303, '830005', 10.989926)","(151303, '1083050', 10.989926)","(151303, '2059540', 10.989926)","(151303, '1057316', 10.989926)","(151303, '2365421', 10.989926)","(151303, '1967974', 10.989926)","(151303, '472918', 10.989926)","(151303, '1446702', 10.989926)","(151303, '179739', 10.989926)"
"(101626, '101626', 23.959305)","(101626, '1684402', 22.863491)","(101626, '2353406', 22.413876)","(101626, '2009739', 22.311161)","(101626, '2025756', 22.266888)","(101626, '1284191', 21.630758)","(101626, '1356891', 21.534328)","(101626, '850140', 21.161936)","(101626, '414068', 21.161936)","(101626, '281878', 20.692463)","(101626, '858945', 20.402378)","(101626, '2011331', 20.080816)","(101626, '531730', 20.080816)","(101626, '2302732', 19.614656)","(101626, '1337804', 19.169647)","(101626, '1341775', 19.169647)","(101626, '487866', 19.169647)","(101626, '1685865', 19.169647)","(101626, '2040102', 19.169647)","(101626, '535382', 19.169647)"
"(79032, '2179154', 15.8736)","(79032, '444531', 15.8736)","(79032, '1994152', 14.343555)","(79032, '1203043', 14.343555)","(79032, '1720124', 13.292589)","(79032, '1280608', 13.292589)","(79032, '2314280', 13.057389)","(79032, '1597469', 13.057389)","(79032, '2290384', 13.057389)","(79032, '2242864', 12.674974)","(79032, '1644901', 12.674974)","(79032, '679267', 12.340623)","(79032, '1969292', 11.920128)","(79032, '2045218', 11.920128)","(79032, '1869105', 11.76399)","(79032, '6649', 11.76399)","(79032, '2239191', 11.76399)","(79032, '329577', 11.76399)","(79032, '2139583', 11.76399)","(79032, '1294173', 11.76399)"
"(17656, '1379750', 14.87041)","(17656, '267726', 13.160368)","(17656, '2040919', 13.160368)","(17656, '1860758', 13.160368)","(17656, '17656', 13.160368)","(17656, '1371866', 11.506378)","(17656, '2031198', 11.506378)","(17656, '2315815', 11.506378)","(17656, '373938', 11.506378)","(17656, '2289419', 11.506378)","(17656, '2370222', 11.506378)","(17656, '854728', 11.506378)","(17656, '830257', 11.506378)","(17656, '2358546', 11.506378)","(17656, '2063690', 11.506378)","(17656, '1855650', 11.506378)","(17656, '1418457', 11.506378)","(17656, '5767', 11.506378)","(17656, '665351', 11.506378)","(17656, '978667', 11.506378)"
"(15514, '15514', 16.126522)","(15514, '460758', 14.2463455)","(15514, '1190652', 13.979456)","(15514, '1759320', 13.5857935)","(15514, '1847955', 12.974716)","(15514, '527984', 12.974716)","(15514, '146744', 12.946894)","(15514, '1930726', 12.946894)","(15514, '1030250', 12.643511)","(15514, '2246133', 12.376622)","(15514, '1117132', 12.376622)","(15514, '2442369', 12.335815)","(15514, '2276783', 12.335815)","(15514, '1140731', 12.335815)","(15514, '556914', 12.335815)","(15514, '1551191', 12.335815)","(15514, '1022254', 12.172556)","(15514, '207346', 11.98296)","(15514, '2143933', 11.98296)","(15514, '851416', 11.98296)"
"(1254734, '1254734', 15.326565)","(1254734, '1135690', 14.473058)","(1254734, '2366973', 14.473058)","(1254734, '1689996', 14.473058)","(1254734, '1808305', 13.800595)","(1254734, '1473775', 13.800595)","(1254734, '279884', 13.495218)","(1254734, '609296', 12.808709)","(1254734, '2221060', 12.808709)","(1254734, '301685', 12.808709)","(1254734, '903289', 12.016813)","(1254734, '1284106', 11.1989155)","(1254734, '878717', 11.1989155)","(1254734, '262844', 11.1989155)","(1254734, '2320121', 11.1989155)","(1254734, '2192121', 11.1989155)","(1254734, '1958517', 11.1989155)","(1254734, '1993244', 11.1989155)","(1254734, '665239', 11.1989155)","(1254734, '655165', 11.1989155)"
"(1238278, '1642847', 25.183674)","(1238278, '1238278', 23.837978)","(1238278, '452331', 22.30227)","(1238278, '1929235', 22.273746)","(1238278, '1870123', 22.111252)","(1238278, '381170', 21.24954)","(1238278, '1216395', 21.24954)","(1238278, '657820', 21.24954)","(1238278, '2427078', 20.689425)","(1238278, '346813', 20.689425)","(1238278, '438356', 20.689425)","(1238278, '2044925', 20.689425)","(1238278, '334235', 20.52114)","(1238278, '205497', 19.780376)","(1238278, '2198623', 19.780376)","(1238278, '1686317', 19.780376)","(1238278, '533774', 19.780376)","(1238278, '2043276', 19.780376)","(1238278, '1129386', 19.242365)","(1238278, '251305', 19.242365)"
"(21645, '21645', 16.25587)","(21645, '2300832', 15.309867)","(21645, '2214831', 14.267044)","(21645, '1975775', 13.803583)","(21645, '1484557', 13.348831)","(21645, '1531824', 13.162227)","(21645, '23060', 12.927485)","(21645, '376374', 12.927485)","(21645, '2323560', 12.927485)","(21645, '307600', 12.216222)","(21645, '668617', 12.216222)","(21645, '711897', 12.216222)","(21645, '2245601', 12.216222)","(21645, '28652', 12.216222)","(21645, '468886', 12.216222)","(21645, '514159', 12.216222)","(21645, '7771', 11.568768)","(21645, '1138508', 11.294764)","(21645, '82723', 10.928842)","(21645, '1267380', 10.850066)"
"(1280405, '1485477', 12.10352)","(1280405, '692168', 11.780526)","(1280405, '265015', 11.780526)","(1280405, '1982698', 11.695486)","(1280405, '1280405', 11.610374)","(1280405, '1793410', 11.595545)","(1280405, '852641', 11.280579)","(1280405, '2119230', 11.218866)","(1280405, '1236529', 11.195108)","(1280405, '2125562', 11.066101)","(1280405, '111502', 11.01257)","(1280405, '2114191', 11.010887)","(1280405, '193249', 11.010887)","(1280405, '1343801', 10.8804455)","(1280405, '1815609', 10.766335)","(1280405, '846595', 10.697604)","(1280405, '1230673', 10.68819)","(1280405, '1413230', 10.573189)","(1280405, '1200495', 10.573189)","(1280405, '1329465', 10.427913)"
"(32559, '1738095', 16.236284)","(32559, '32559', 16.201113)","(32559, '796802', 14.969765)","(32559, '1512696', 14.55197)","(32559, '2351617', 14.049276)","(32559, '589718', 14.037596)","(32559, '1925598', 14.037596)","(32559, '394192', 13.360161)","(32559, '606510', 13.360161)","(32559, '93012', 13.360161)","(32559, '2428394', 13.055063)","(32559, '1291875', 12.416297)","(32559, '1315167', 12.265954)","(32559, '1126465', 12.120539)","(32559, '846082', 12.120539)","(32559, '2050447', 12.0475445)","(32559, '870176', 12.0475445)","(32559, '268583', 11.943547)","(32559, '156449', 11.723442)","(32559, '1273752', 11.723442)"
"(34939, '352063', 17.541172)","(34939, '34939', 16.971354)","(34939, '709143', 16.182812)","(34939, '600258', 16.182812)","(34939, '1179910', 15.019711)","(34939, '944171', 15.019711)","(34939, '880818', 13.43689)","(34939, '1238558', 13.132039)","(34939, '961349', 13.132039)","(34939, '417759', 13.132039)","(34939, '1430547', 9.536435)","(34939, '165719', 9.536435)","(34939, '1278270', 9.536435)","(34939, '694114', 9.536435)","(34939, '2144644', 9.536435)","(34939, '1604968', 9.536435)","(34939, '1593792', 9.536435)","(34939, '120801', 9.536435)","(34939, '1408283', 9.536435)","(34939, '2088983', 9.536435)"
"(174151, '2369425', 12.5242195)","(174151, '2436942', 12.333992)","(174151, '885049', 12.047998)","(174151, '1598585', 11.993667)","(174151, '1186514', 11.967733)","(174151, '430211', 11.889246)","(174151, '2350052', 11.87145)","(174151, '1499741', 11.751713)","(174151, '157857', 11.605341)","(174151, '356139', 11.396558)","(174151, '267754', 11.116737)","(174151, '2241562', 11.116737)","(174151, '1674557', 11.116737)","(174151, '1040696', 11.116737)","(174151, '1043786', 11.116737)","(174151, '1571344', 10.8245125)","(174151, '174151', 10.8245125)","(174151, '641373', 10.704001)","(174151, '1240331', 10.704001)","(174151, '1205733', 10.496274)"
"(4900, '972698', 12.823697)","(4900, '973440', 12.783516)","(4900, '4900', 12.685957)","(4900, '2035056', 12.190752)","(4900, '1439087', 12.068165)","(4900, '1322917', 11.895254)","(4900, '2064714', 11.895254)","(4900, '1175444', 11.821716)","(4900, '617105', 11.78859)","(4900, '688774', 11.78859)","(4900, '1445071', 11.676134)","(4900, '325041', 11.598529)","(4900, '988409', 11.445958)","(4900, '689487', 11.348293)","(4900, '135726', 11.348293)","(4900, '154809', 11.348293)","(4900, '450531', 11.328278)","(4900, '1227346', 11.303031)","(4900, '419210', 11.273901)","(4900, '2334631', 11.133625)"
"(10166, '472366', 18.9175)","(10166, '2410953', 18.097984)","(10166, '1377964', 17.791582)","(10166, '191578', 17.759027)","(10166, '679674', 17.670004)","(10166, '971457', 17.503998)","(10166, '2340336', 17.08969)","(10166, '1589718', 16.940948)","(10166, '10166', 16.837547)","(10166, '2396724', 16.725319)","(10166, '705752', 16.703943)","(10166, '1886126', 16.56099)","(10166, '1942418', 15.866995)","(10166, '1269458', 15.6761875)","(10166, '1557573', 15.6761875)","(10166, '396609', 15.510031)","(10166, '1846553', 15.42314)","(10166, '2139314', 15.295991)","(10166, '613072', 15.295991)","(10166, '2172103', 15.295991)"
"(25726, '2352514', 13.226994)","(25726, '25726', 12.260224)","(25726, '734188', 12.260224)","(25726, '622623', 12.260224)","(25726, '510117', 11.690577)","(25726, '1073011', 11.04135)","(25726, '1312021', 11.04135)","(25726, '1837912', 11.04135)","(25726, '280547', 10.850344)","(25726, '1663968', 10.850344)","(25726, '2117935', 10.850344)","(25726, '2066646', 10.850344)","(25726, '1758435', 10.850344)","(25726, '976965', 10.850344)","(25726, '1941332', 10.850344)","(25726, '1477595', 10.850344)","(25726, '1773585', 10.850344)","(25726, '1692250', 10.850344)","(25726, '591565', 10.850344)","(25726, '1693789', 10.850344)"
"(720, '345300', 23.981934)","(720, '373618', 22.463907)","(720, '1136741', 22.463907)","(720, '122253', 22.463907)","(720, '550046', 22.463907)","(720, '190642', 19.572395)","(720, '358173', 19.572395)","(720, '92371', 19.572395)","(720, '649454', 19.572395)","(720, '376388', 19.572395)","(720, '262305', 19.572395)","(720, '639848', 18.439856)","(720, '1783982', 16.869059)","(720, '429222', 16.869059)","(720, '1854956', 16.869059)","(720, '1509164', 16.869059)","(720, '195938', 16.3132)","(720, '754736', 16.3132)","(720, '354369', 16.3132)","(720, '684900', 16.3132)"
"(200237, '1852382', 21.01438)","(200237, '1473792', 19.182415)","(200237, '2060413', 16.241861)","(200237, '2045402', 15.260559)","(200237, '1679778', 15.260559)","(200237, '1552623', 15.260559)","(200237, '860983', 15.260559)","(200237, '1676489', 15.260559)","(200237, '1352798', 15.260559)","(200237, '2261065', 14.57972)","(200237, '1094141', 14.416299)","(200237, '1317466', 14.064542)","(200237, '2038513', 13.765024)","(200237, '1667404', 13.54471)","(200237, '1705736', 13.54471)","(200237, '2303321', 13.54471)","(200237, '1091828', 13.469312)","(200237, '2347077', 13.098487)","(200237, '1789981', 13.098487)","(200237, '1865372', 13.08324)"
"(14410, '14410', 15.374946)","(14410, '1110855', 15.247931)","(14410, '86124', 14.919263)","(14410, '1009258', 14.701403)","(14410, '23846', 14.430473)","(14410, '973079', 14.430473)","(14410, '569629', 14.430473)","(14410, '757120', 14.084396)","(14410, '1159840', 14.084396)","(14410, '870326', 13.626869)","(14410, '283216', 13.626869)","(14410, '154297', 13.626869)","(14410, '439235', 13.626869)","(14410, '201915', 13.626869)","(14410, '1062855', 13.626869)","(14410, '1350487', 13.626869)","(14410, '1173294', 12.993723)","(14410, '91146', 12.993723)","(14410, '1608868', 12.993723)","(14410, '2005565', 12.993723)"
"(23920, '2341047', 17.47939)","(23920, '804964', 17.253222)","(23920, '23920', 16.677048)","(23920, '2285025', 16.33188)","(23920, '846878', 16.282145)","(23920, '1505674', 15.478942)","(23920, '963776', 15.4451065)","(23920, '1647337', 15.352526)","(23920, '951593', 15.3396225)","(23920, '778615', 15.265358)","(23920, '2358280', 15.191536)","(23920, '2330754', 14.983577)","(23920, '233332', 14.964346)","(23920, '424330', 14.953586)","(23920, '514297', 14.907162)","(23920, '1989155', 14.8624525)","(23920, '322525', 14.782456)","(23920, '2412659', 14.701979)","(23920, '2010989', 14.689026)","(23920, '1435673', 14.624176)"
"(1897191, '426292', 11.063098)","(1897191, '2199815', 11.063098)","(1897191, '1112200', 11.063098)","(1897191, '228744', 11.063098)","(1897191, '141491', 11.063098)"
"(196387, '581793', 33.9681)","(196387, '590065', 33.9681)","(196387, '1127542', 32.8597)","(196387, '905457', 32.792393)","(196387, '580150', 29.982357)","(196387, '333396', 29.532047)","(196387, '581099', 27.786488)","(196387, '764292', 27.040333)","(196387, '1163970', 26.882196)","(196387, '1127706', 25.950115)","(196387, '1170310', 23.639496)","(196387, '617544', 21.539488)","(196387, '196387', 20.625465)","(196387, '1126463', 20.53139)","(196387, '1938028', 20.091953)","(196387, '1578384', 19.615355)","(196387, '1311075', 19.370865)","(196387, '2115610', 19.266825)","(196387, '1126234', 18.679401)","(196387, '596576', 18.593721)"
"(25130, '1114179', 19.090626)","(25130, '1339117', 18.050842)","(25130, '1791441', 18.050842)","(25130, '1822051', 17.325502)","(25130, '1352062', 15.94389)","(25130, '656', 15.94389)","(25130, '797254', 15.94389)","(25130, '25130', 15.869575)","(25130, '576623', 15.132225)","(25130, '371783', 15.063519)","(25130, '1935967', 14.688663)","(25130, '883035', 14.688663)","(25130, '1348605', 14.044632)","(25130, '1385260', 14.044632)","(25130, '901222', 13.963324)","(25130, '414514', 13.963324)","(25130, '1809541', 12.581711)","(25130, '1314194', 12.581711)","(25130, '1504317', 12.581711)","(25130, '324973', 12.581711)"
"(28232, '28232', 15.522738)","(28232, '778621', 15.522738)","(28232, '2289213', 13.571847)","(28232, '300185', 13.571847)","(28232, '501846', 10.936984)","(28232, '99140', 9.855822)","(28232, '293054', 9.855822)","(28232, '2361217', 9.855822)","(28232, '438395', 9.855822)","(28232, '1957735', 9.855822)","(28232, '1171499', 9.855822)","(28232, '228631', 9.855822)","(28232, '2256656', 9.855822)","(28232, '1743438', 9.855822)","(28232, '2187326', 9.855822)","(28232, '204520', 9.855822)","(28232, '2403738', 9.855822)","(28232, '278630', 9.855822)"
"(16952, '1256386', 29.305466)","(16952, '2191636', 25.327091)","(16952, '16952', 23.15683)","(16952, '688960', 22.40636)","(16952, '1489058', 22.143993)","(16952, '1864305', 21.542112)","(16952, '868194', 19.502884)","(16952, '1106097', 17.84492)","(16952, '1066898', 17.21542)","(16952, '2061524', 16.628822)","(16952, '378359', 16.628822)","(16952, '864278', 16.151953)","(16952, '1815781', 16.08088)","(16952, '2270999', 16.08088)","(16952, '1363165', 16.08088)","(16952, '1654083', 16.08088)","(16952, '1383054', 16.08088)","(16952, '1011401', 16.08088)","(16952, '864074', 16.08088)","(16952, '2374445', 16.08088)"
"(28485, '28485', 16.576162)","(28485, '810807', 16.39965)","(28485, '629683', 15.984158)","(28485, '210277', 15.752976)","(28485, '709670', 15.726422)","(28485, '631234', 15.677122)","(28485, '1138870', 15.605516)","(28485, '327869', 15.419802)","(28485, '476375', 15.386588)","(28485, '19315', 15.3371)","(28485, '2298445', 15.267537)","(28485, '485941', 15.239543)","(28485, '40673', 14.682807)","(28485, '493972', 14.461145)","(28485, '606570', 14.455961)","(28485, '1296644', 14.332925)","(28485, '644212', 14.281312)","(28485, '329139', 14.272734)","(28485, '369299', 14.17376)","(28485, '422464', 14.114126)"
"(113827, '113827', 28.996721)","(113827, '2226640', 24.544016)","(113827, '113836', 20.994864)","(113827, '113823', 20.537762)","(113827, '628912', 19.723257)","(113827, '1083165', 19.54075)","(113827, '1176773', 19.445293)","(113827, '25063', 19.05445)","(113827, '2380284', 18.138048)","(113827, '1379559', 18.082388)","(113827, '1703690', 17.630585)","(113827, '1286672', 17.395319)","(113827, '104223', 17.372398)","(113827, '2381948', 17.06145)","(113827, '650982', 16.614058)","(113827, '1392525', 16.604006)","(113827, '1071261', 16.603786)","(113827, '1183703', 15.85998)","(113827, '929246', 15.853722)","(113827, '854503', 15.690501)"
"(32219, '32219', 27.407074)","(32219, '143582', 26.350473)","(32219, '146349', 26.091816)","(32219, '1614660', 25.782492)","(32219, '1973651', 25.782492)","(32219, '968936', 25.782492)","(32219, '277454', 25.782492)","(32219, '1031282', 24.937798)","(32219, '1436924', 24.937798)","(32219, '1546536', 24.33973)","(32219, '1552402', 24.33973)","(32219, '1739108', 24.33973)","(32219, '1137902', 24.33973)","(32219, '1382229', 24.33973)","(32219, '2353152', 24.33973)","(32219, '1477696', 24.33973)","(32219, '643883', 24.33973)","(32219, '1729959', 23.828527)","(32219, '1514952', 23.54906)","(32219, '1032328', 23.54906)"
"(6984, '503299', 14.35455)","(6984, '2264766', 13.726374)","(6984, '278573', 13.231197)","(6984, '1048219', 13.215425)","(6984, '1009934', 12.639965)","(6984, '874597', 12.233471)","(6984, '1410805', 12.233471)","(6984, '279407', 12.233471)","(6984, '595746', 12.233471)","(6984, '742391', 12.233471)","(6984, '2289542', 11.96147)","(6984, '6984', 11.748219)","(6984, '488650', 11.658011)","(6984, '1748468', 11.658011)","(6984, '72607', 11.658011)","(6984, '1450758', 11.658011)","(6984, '533481', 11.658011)","(6984, '240610', 11.331647)","(6984, '1179554', 11.331647)","(6984, '2200715', 11.331647)"
"(124119, '974650', 13.7553625)","(124119, '1765785', 13.6287155)","(124119, '862481', 13.425476)","(124119, '1244357', 12.989353)","(124119, '742210', 12.989353)","(124119, '2303426', 12.989353)","(124119, '1857795', 12.989353)","(124119, '124119', 12.989353)","(124119, '1006905', 12.989353)","(124119, '835914', 12.385828)","(124119, '1290550', 12.385828)","(124119, '477061', 12.385828)","(124119, '476405', 12.385828)","(124119, '1084329', 12.385828)","(124119, '555369', 12.385828)","(124119, '1413449', 11.90761)","(124119, '481870', 11.697991)","(124119, '2277678', 11.495625)","(124119, '830388', 11.495625)","(124119, '367969', 11.495625)"
"(34875, '34875', 26.717453)","(34875, '2127341', 20.932026)","(34875, '1876203', 18.325777)","(34875, '2072713', 18.123047)","(34875, '1163068', 18.077127)","(34875, '1640804', 16.956451)","(34875, '1894724', 16.917315)","(34875, '2059947', 16.817623)","(34875, '124779', 16.562187)","(34875, '2190073', 16.482754)","(34875, '232614', 16.481598)","(34875, '1778256', 16.395533)","(34875, '127982', 16.229023)","(34875, '35538', 16.069164)","(34875, '156186', 15.2067995)","(34875, '156646', 15.2064905)","(34875, '127852', 14.601821)","(34875, '2015834', 14.601601)","(34875, '370248', 14.601333)","(34875, '1947319', 14.600999)"
"(7911, '2424742', 8.982957)","(7911, '153632', 8.880043)","(7911, '959125', 8.669927)","(7911, '1612640', 8.608818)","(7911, '2255878', 8.537699)","(7911, '2394203', 8.537699)","(7911, '2057350', 8.537699)","(7911, '1140583', 8.41369)","(7911, '330986', 8.363971)","(7911, '2109190', 8.353669)","(7911, '1566470', 8.231684)","(7911, '659784', 8.231684)","(7911, '1606366', 8.231684)","(7911, '1784641', 8.231684)","(7911, '1673302', 8.231684)","(7911, '2359539', 8.231684)","(7911, '1396336', 8.231684)","(7911, '109939', 8.231684)","(7911, '7911', 8.231684)","(7911, '8546', 8.231684)"
"(8630, '8630', 16.178513)","(8630, '2331135', 14.998312)","(8630, '2315093', 14.379795)","(8630, '1616909', 14.169584)","(8630, '8314', 14.02316)","(8630, '1263972', 13.808101)","(8630, '403573', 13.677781)","(8630, '2314896', 13.5157175)","(8630, '1503471', 13.217423)","(8630, '2445926', 13.035019)","(8630, '1078271', 13.035019)","(8630, '1342344', 13.024986)","(8630, '1882271', 12.991032)","(8630, '1346503', 12.830739)","(8630, '2436104', 12.830739)","(8630, '2052340', 12.656285)","(8630, '1488102', 12.656285)","(8630, '2086594', 12.656285)","(8630, '2211200', 12.656285)","(8630, '865906', 12.656285)"
"(422206, '1492778', 19.364483)","(422206, '422206', 18.876692)","(422206, '1527671', 18.178183)","(422206, '1441616', 17.308052)","(422206, '1597491', 16.039074)","(422206, '1554293', 15.660898)","(422206, '1094400', 15.107494)","(422206, '249349', 14.695968)","(422206, '2175181', 14.416212)","(422206, '2176648', 14.237197)","(422206, '1444365', 14.237197)","(422206, '1285105', 13.946663)","(422206, '2194768', 13.639729)","(422206, '1865777', 13.639729)","(422206, '437829', 13.393259)","(422206, '720227', 13.393259)","(422206, '1670981', 13.393259)","(422206, '1673871', 12.202335)","(422206, '1529937', 11.925493)","(422206, '1709125', 11.925493)"
"(81416, '1814115', 16.585142)","(81416, '84057', 16.332195)","(81416, '81416', 15.980157)","(81416, '553675', 15.746805)","(81416, '490650', 15.456611)","(81416, '2372915', 14.595861)","(81416, '370804', 13.917694)","(81416, '801349', 13.917694)","(81416, '956539', 13.917694)","(81416, '1378424', 13.917694)","(81416, '1578355', 12.917391)","(81416, '1701594', 12.917391)","(81416, '815037', 12.917391)","(81416, '1488487', 12.917391)","(81416, '1680541', 11.830762)","(81416, '809543', 11.55612)","(81416, '2285573', 11.29394)","(81416, '802979', 11.29394)","(81416, '305627', 11.29394)","(81416, '364112', 11.29394)"
"(28106, '28106', 13.510052)","(28106, '1152000', 13.510052)","(28106, '786267', 12.754043)","(28106, '1774669', 12.636129)","(28106, '1300226', 12.339731)","(28106, '1971260', 12.339731)","(28106, '1748654', 12.339731)","(28106, '1761906', 12.339731)","(28106, '1175128', 12.339731)","(28106, '2194863', 12.339731)","(28106, '658587', 12.339731)","(28106, '2214396', 11.933206)","(28106, '1308752', 11.76639)","(28106, '1238616', 11.76639)","(28106, '1775137', 11.76639)","(28106, '2090961', 11.76639)","(28106, '1422654', 11.76639)","(28106, '662803', 11.76639)","(28106, '2032618', 11.76639)","(28106, '1042641', 11.76639)"
"(738573, '326585', 10.901972)","(738573, '1991630', 10.75609)","(738573, '2209005', 10.60946)","(738573, '1292226', 10.458143)","(738573, '1807007', 10.347792)","(738573, '626381', 10.29634)","(738573, '885053', 10.29634)","(738573, '2353469', 10.29634)","(738573, '186040', 10.07243)","(738573, '1687426', 10.07243)","(738573, '1730260', 10.064481)","(738573, '1000602', 10.064481)","(738573, '344947', 10.009048)","(738573, '1026929', 10.009048)","(738573, '2168194', 9.902678)","(738573, '456985', 9.902678)","(738573, '510869', 9.74216)","(738573, '1028467', 9.74216)","(738573, '354101', 9.678766)","(738573, '1687873', 9.678766)"
"(125791, '125791', 22.80667)","(125791, '766977', 20.975315)","(125791, '925834', 19.585917)","(125791, '703323', 18.80437)","(125791, '140099', 18.67872)","(125791, '2081847', 17.963955)","(125791, '846300', 17.495213)","(125791, '1935160', 15.3834915)","(125791, '1218924', 15.198618)","(125791, '1334040', 15.198618)","(125791, '727078', 15.198618)","(125791, '28814', 14.854321)","(125791, '1809840', 14.668727)","(125791, '1377447', 14.508491)","(125791, '765063', 14.508491)","(125791, '222252', 13.834118)","(125791, '945857', 13.614447)","(125791, '460243', 13.18185)","(125791, '742615', 12.179717)","(125791, '1175373', 11.939423)"
"(294384, '832060', 21.273388)","(294384, '294384', 19.952303)","(294384, '415694', 18.820564)","(294384, '430971', 18.641346)","(294384, '1096701', 18.513939)","(294384, '461291', 17.586487)","(294384, '1533835', 16.721045)","(294384, '2224122', 15.827791)","(294384, '2244876', 15.682182)","(294384, '1600932', 15.14882)","(294384, '2325053', 14.547391)","(294384, '1855524', 14.107714)","(294384, '2252658', 13.938097)","(294384, '2187180', 13.938097)","(294384, '1492601', 13.723143)","(294384, '1252847', 13.703776)","(294384, '1638551', 13.376925)","(294384, '2435138', 13.376925)","(294384, '2282336', 13.376925)","(294384, '1841771', 13.376925)"
"(470620, '470620', 21.040443)","(470620, '2219161', 20.391335)","(470620, '1925820', 20.14959)","(470620, '1671503', 19.999754)","(470620, '815540', 19.489443)","(470620, '1876581', 19.489443)","(470620, '846533', 19.489443)","(470620, '1434592', 19.489443)","(470620, '1428792', 19.216156)","(470620, '1809505', 19.02204)","(470620, '573873', 19.02204)","(470620, '1764447', 19.02204)","(470620, '2237895', 19.02204)","(470620, '323867', 19.02204)","(470620, '1185407', 19.02204)","(470620, '1663618', 19.02204)","(470620, '586571', 19.02204)","(470620, '1714875', 18.718784)","(470620, '354956', 18.707369)","(470620, '458571', 18.707369)"
"(237831, '237831', 20.728216)","(237831, '1200546', 19.750496)","(237831, '2149564', 19.017967)","(237831, '1145063', 17.757477)","(237831, '818917', 17.744131)","(237831, '1750727', 17.377155)","(237831, '2167993', 17.293444)","(237831, '557965', 17.10696)","(237831, '2036627', 16.48364)","(237831, '2161109', 16.256838)","(237831, '1179996', 16.15934)","(237831, '2098236', 15.749002)","(237831, '1944818', 15.734581)","(237831, '222079', 15.734581)","(237831, '717351', 15.726841)","(237831, '1553762', 15.5822315)","(237831, '1696345', 15.158358)","(237831, '101292', 15.134762)","(237831, '1554624', 15.0580845)","(237831, '634474', 15.0580845)"
"(2161, '2161', 13.302193)","(2161, '723518', 11.9777775)","(2161, '92354', 11.9777775)","(2161, '2213346', 11.9777775)","(2161, '728767', 11.9777775)","(2161, '245926', 11.9777775)","(2161, '1469632', 11.116903)","(2161, '159238', 11.116903)","(2161, '916054', 11.116903)","(2161, '1528804', 11.116903)","(2161, '1125722', 11.116903)","(2161, '1625247', 11.116903)","(2161, '2419987', 11.116903)","(2161, '1257220', 10.181733)","(2161, '855572', 9.945372)","(2161, '1427853', 9.945372)","(2161, '2348965', 9.945372)","(2161, '169702', 9.719735)","(2161, '701896', 9.719735)","(2161, '639371', 9.719735)"
"(21145, '1557986', 10.297125)","(21145, '1242066', 10.111816)","(21145, '1035106', 10.111816)","(21145, '807020', 9.991939)","(21145, '1893375', 9.991939)","(21145, '1329982', 9.664579)","(21145, '42711', 9.664579)","(21145, '830706', 9.664579)","(21145, '544567', 9.664579)","(21145, '1249097', 9.664579)","(21145, '1516895', 9.664579)","(21145, '1236822', 9.529059)","(21145, '833588', 9.432799)","(21145, '498882', 9.432799)","(21145, '1801324', 9.432799)","(21145, '186680', 9.432799)","(21145, '684065', 9.432799)","(21145, '1556967', 9.432799)","(21145, '42699', 9.432799)","(21145, '574274', 9.432799)"
"(679227, '132041', 21.93951)","(679227, '109890', 21.14466)","(679227, '1522293', 20.84577)","(679227, '1265695', 20.79726)","(679227, '1613884', 20.337536)","(679227, '1901343', 20.118095)","(679227, '1778407', 20.077229)","(679227, '458180', 20.077229)","(679227, '1265873', 19.99527)","(679227, '2139127', 19.99527)","(679227, '1272298', 19.99527)","(679227, '1272164', 19.81962)","(679227, '1240052', 19.81962)","(679227, '1272300', 19.811712)","(679227, '1433479', 19.761606)","(679227, '1549073', 19.682632)","(679227, '789209', 19.483978)","(679227, '1371336', 19.483978)","(679227, '1338743', 19.425026)","(679227, '2028917', 19.136576)"
"(2136797, '2422061', 22.795542)","(2136797, '2211121', 20.703386)","(2136797, '2136797', 19.013573)","(2136797, '486228', 15.531465)","(2136797, '2108130', 15.531465)","(2136797, '2443748', 15.194286)","(2136797, '865902', 14.693614)","(2136797, '2422440', 14.693614)","(2136797, '2319375', 14.693614)","(2136797, '1498253', 14.415176)","(2136797, '1548108', 14.415176)","(2136797, '1728468', 14.415176)","(2136797, '1841968', 12.603483)","(2136797, '2397975', 12.603483)","(2136797, '246789', 12.603483)","(2136797, '2398980', 12.603483)","(2136797, '2435429', 11.125954)","(2136797, '650795', 11.125954)","(2136797, '98152', 11.03404)","(2136797, '1250916', 10.826683)"
"(5622, '714086', 12.67705)","(5622, '369820', 12.67705)","(5622, '1870178', 12.491932)","(5622, '365071', 12.491932)","(5622, '2116272', 12.491932)","(5622, '361286', 12.261721)","(5622, '411758', 12.261721)","(5622, '993971', 12.001145)","(5622, '301834', 11.967655)","(5622, '2111939', 11.967655)","(5622, '536315', 11.967655)","(5622, '354854', 11.967655)","(5622, '1980448', 11.967655)","(5622, '364401', 11.967655)","(5622, '383213', 11.967655)","(5622, '540972', 11.967655)","(5622, '570822', 11.967655)","(5622, '1532854', 11.967655)","(5622, '665508', 11.967655)","(5622, '568878', 11.967655)"
"(1313598, '1640999', 15.007958)","(1313598, '1313598', 14.824226)","(1313598, '2008517', 13.861917)","(1313598, '830231', 13.426047)","(1313598, '2359604', 13.234502)","(1313598, '282689', 13.105236)","(1313598, '820373', 12.92316)","(1313598, '2313314', 12.845887)","(1313598, '764478', 12.749837)","(1313598, '2232532', 12.262901)","(1313598, '224688', 12.218726)","(1313598, '566063', 12.218726)","(1313598, '842177', 12.218726)","(1313598, '199900', 12.159591)","(1313598, '3450', 11.994337)","(1313598, '533560', 11.836121)","(1313598, '2166890', 11.593761)","(1313598, '752997', 11.593761)","(1313598, '919776', 11.558468)","(1313598, '1754443', 11.558468)"
"(712704, '2156586', 14.451813)","(712704, '498185', 13.986568)","(712704, '2066479', 13.395521)","(712704, '2004825', 13.395521)","(712704, '2278764', 13.233273)","(712704, '1696966', 13.122435)","(712704, '1283806', 12.975903)","(712704, '913062', 12.975903)","(712704, '409520', 12.975903)","(712704, '587740', 12.975903)","(712704, '895966', 12.975903)","(712704, '2228208', 12.773125)","(712704, '366791', 12.773125)","(712704, '231588', 12.773125)","(712704, '861021', 12.773125)","(712704, '589558', 12.773125)","(712704, '513731', 12.773125)","(712704, '845186', 12.773125)","(712704, '84615', 12.773125)","(712704, '712704', 12.773125)"
